"","baseMean","log2FoldChange","lfcSE","stat","pvalue","padj","SYMBOL"
"ENSG00000001617",465.625627214919,1.24930773726625,0.127179458892131,9.8122236470093,9.97458969330504e-23,4.80082829018661e-21,"SEMA3F"
"ENSG00000003137",55.521306107719,1.23121060553338,0.260934810257679,4.69829877963669,2.62337472692224e-06,2.06537304245491e-05,"CYP26B1"
"ENSG00000003436",14266.3866990693,2.43864817061617,0.0502724349866588,48.5012906695254,0,0,"TFPI"
"ENSG00000004139",139.322008013507,1.47647563305833,0.183517570992876,8.02810976238872,9.89859025564881e-16,2.72376532653472e-14,"SARM1"
"ENSG00000004848",37.5819170716385,1.70800498070355,0.289811089836876,6.13015585190725,8.77930281522094e-10,1.19381471097072e-08,"ARX"
"ENSG00000005471",56.3348238972944,1.39295331938484,0.243753767055066,5.62602437872178,1.84410295367343e-08,2.05314037910573e-07,"ABCB4"
"ENSG00000005882",128.133959554622,1.06746572297079,0.190739924867874,5.57988939183946,2.40671579838468e-08,2.63450265511339e-07,"PDK2"
"ENSG00000005961",4024.19875517996,2.13835467293976,0.0795450489264453,26.8703261342305,4.88232891521478e-159,8.54773734831227e-156,"ITGA2B"
"ENSG00000006432",152.993328962732,1.35395638507013,0.175663874243349,7.68035553159835,1.58647669178266e-14,3.79832351198426e-13,"MAP3K9"
"ENSG00000006611",29.130908543296,1.01197686167986,0.2766954203824,3.63532650709237,0.000277628784027534,0.00142513056591154,"USH1C"
"ENSG00000006740",84.7007619702324,1.43025764936394,0.231757712304907,6.16130876640179,7.21461601911414e-10,9.93099871879239e-09,"ARHGAP44"
"ENSG00000006788",34.7638807528505,1.46068408009316,0.26961572565302,5.30828506062108,1.10661479405822e-07,1.10118982632891e-06,"MYH13"
"ENSG00000007402",147.935224401644,1.76060002125396,0.200849102790454,8.69781840081948,3.38325391489093e-18,1.14182781522801e-16,"CACNA2D2"
"ENSG00000007516",375.243079924921,1.11433355509926,0.133884087399707,8.3145312793156,9.2115606088643e-17,2.75383389301501e-15,"BAIAP3"
"ENSG00000008277",323.96559068084,1.33445393964355,0.131486644514485,10.131322243158,4.01187221195782e-24,2.13651263120461e-22,"ADAM22"
"ENSG00000008311",65.7014616234015,2.27534711942666,0.245453479035248,8.87369354055184,7.07591057014952e-19,2.57416112845491e-17,"AASS"
"ENSG00000008323",56.4870222396724,1.1258223193944,0.241792122737319,4.63218848941444,3.61820505155356e-06,2.77550797961527e-05,"PLEKHG6"
"ENSG00000010030",54.7559292465451,1.0017039580693,0.245921085924374,4.04907838200217,5.14197226080672e-05,0.000312444527049279,"ETV7"
"ENSG00000010818",391.356440631451,1.1758503425956,0.125182507809733,9.37844372380526,6.69536417005647e-21,2.79093067160151e-19,"HIVEP2"
"ENSG00000011105",171.522038569188,1.10416586293583,0.174098778173628,6.32836489292884,2.47772665461379e-10,3.64719280341785e-09,"TSPAN9"
"ENSG00000011347",127.607684506425,1.49708431399316,0.211075876757357,7.05715368116074,1.69947639612593e-12,3.2831539867779e-11,"SYT7"
"ENSG00000012171",156.000139748286,1.18256617038375,0.184255313706085,6.3998741941839,1.55505026715341e-10,2.35970032955045e-09,"SEMA3B"
"ENSG00000012779",261.934429577741,1.0203915712784,0.135586037638354,7.51496784220921,5.69249249068455e-14,1.2807879489884e-12,"ALOX5"
"ENSG00000013016",160.755328081986,3.33172098308118,0.199002202647255,15.6927462828809,1.69558351264769e-55,3.59823373911267e-53,"EHD3"
"ENSG00000015413",22.1749412245074,1.79336280849863,0.288873413586211,5.75029344935645,8.90886828442007e-09,1.04635311691059e-07,"DPEP1"
"ENSG00000019102",34.6817830947486,1.45824015220734,0.270400348469944,5.28317146787455,1.26966451620534e-07,1.25011748428626e-06,"VSIG2"
"ENSG00000020181",122.368369297122,1.2792283593684,0.19883895412801,6.40661981270443,1.48781200179837e-10,2.26380172701662e-09,"ADGRA2"
"ENSG00000021300",64.702513560046,1.32266211264173,0.23643705060673,5.52612392547931,3.27382924742626e-08,3.52040325830727e-07,"PLEKHB1"
"ENSG00000025039",69.4359645962712,1.75226691515966,0.241373507333635,7.1602383287203,8.05369209031562e-13,1.61720446475929e-11,"RRAGD"
"ENSG00000026297",8082.19711988488,1.27720068869776,0.0532594390186448,23.9792551766358,4.57796848051533e-127,4.9322328106229e-124,"RNASET2"
"ENSG00000026508",842.379610081989,1.00728854524445,0.0963549928359454,10.4496816034145,1.47017959284787e-25,8.6156214968315e-24,"CD44"
"ENSG00000026751",38.8376557247295,1.17686786687688,0.26354474279266,4.41422345051239,1.01373211309995e-05,7.07440556854904e-05,"SLAMF7"
"ENSG00000027644",77.3277167448912,1.56199434490516,0.219621176351864,7.02518299714809,2.13785864188595e-12,4.09055302435172e-11,"INSRR"
"ENSG00000028277",155.87175105874,1.0838472524258,0.173285697822942,6.23222401176667,4.59859241357992e-10,6.47966653366201e-09,"POU2F2"
"ENSG00000037280",158.65784123823,3.0575580539383,0.195590369439642,15.0032058401561,6.99571273463939e-51,1.32408044001837e-48,"FLT4"
"ENSG00000040608",166.001402944153,1.11484001275919,0.161271407761578,6.89264345604818,5.47650173761556e-12,9.91646843400692e-11,"RTN4R"
"ENSG00000041353",2690.02661569806,2.24297934775349,0.099142628945805,22.6075483839028,3.65271694917459e-113,2.92342591943653e-110,"RAB27B"
"ENSG00000049247",19.6742982967409,1.25613614801033,0.288240216723972,4.32051814441532,1.55663255418033e-05,0.000104391647372994,"UTS2"
"ENSG00000049323",5838.06570343832,1.13899922826283,0.0532405995962415,21.3918922566209,1.58977175534929e-101,1.08616308319133e-98,"LTBP1"
"ENSG00000050327",71.3291340217744,1.71823765863573,0.238385610583059,7.06885213139297,1.56220501470514e-12,3.0358589449505e-11,"ARHGEF5"
"ENSG00000050555",25.3468493839015,1.16325511867495,0.286739278439102,4.0547212089921,5.01941311082039e-05,0.000305461221073866,"LAMC3"
"ENSG00000052850",677.786448967706,1.2022206979435,0.0962099257952866,12.4863560653143,8.86204284605879e-36,8.89761807182075e-34,"ALX4"
"ENSG00000053254",326.726718490517,1.06384637556846,0.160598091893821,6.61492098611716,3.71750253815405e-11,6.08708360410774e-10,"FOXN3"
"ENSG00000054179",85.3083673923167,2.03152375342551,0.227581266939808,8.71831647902436,2.82368769092672e-18,9.62252306547922e-17,"ENTPD2"
"ENSG00000056487",27.367334979102,2.26672687664035,0.28830843599826,6.69745303661604,2.12083354091499e-11,3.55954398730442e-10,"PHF21B"
"ENSG00000056558",47.0134596924537,1.69530916891914,0.260255641043264,6.37415349246097,1.8397626466085e-10,2.76774603957022e-09,"TRAF1"
"ENSG00000058091",184.909916127839,1.82740121820206,0.284912848664671,6.56181139996735,5.31580243659451e-11,8.54800561732982e-10,"CDK14"
"ENSG00000059377",428.093805208091,1.13431268392714,0.115234700845341,9.83388982124915,8.0449988472137e-23,3.89890151744205e-21,"TBXAS1"
"ENSG00000060656",1033.63023631893,2.49254572591045,0.0936451248562706,26.515977840789,6.34199184031747e-155,9.35009870689331e-152,"PTPRU"
"ENSG00000062370",131.9274287275,1.16035257459432,0.192967073923963,5.99353788298283,2.053243061703e-09,2.64926046266349e-08,"ZNF112"
"ENSG00000064201",479.711805839014,1.71045638390343,0.137320322363991,12.4292492202263,1.81329347990833e-35,1.79484017523647e-33,"TSPAN32"
"ENSG00000064300",41.3014277873004,1.07043423661357,0.264897101916675,4.01144513361409,6.03482029818016e-05,0.000360980965604576,"NGFR"
"ENSG00000064787",157.091489712389,1.58604334392848,0.173209189666303,9.10103509741443,8.94749608971619e-20,3.47143020034806e-18,"BCAS1"
"ENSG00000065534",278.108253003237,1.12970503569768,0.140792384641906,8.01526457798022,1.09900180957254e-15,3.01816065585744e-14,"MYLK"
"ENSG00000065809",372.585690930845,1.15323974661921,0.26768126762555,4.31825018755391,1.57271096573589e-05,0.000105369001607734,"FAM107B"
"ENSG00000066248",57.888422650981,1.02479064593982,0.265949542236563,3.8465356984816,0.000119799682850633,0.000667560914265351,"NGEF"
"ENSG00000067141",271.32006370622,1.31326052043616,0.178955867561698,7.32587544361387,2.37344161324203e-13,5.05204000532946e-12,"NEO1"
"ENSG00000067445",67.7982064748784,2.04245083684849,0.244684621488646,8.12236886488271,4.57171358312262e-16,1.28706372754202e-14,"TRO"
"ENSG00000067606",152.697453143848,1.33476743574973,0.19181709390767,6.93627023115136,4.02587177198723e-12,7.40950854644588e-11,"PRKCZ"
"ENSG00000068985",612.721280414581,1.06245288265122,0.096992756598773,10.9469589492144,6.87160024178824e-28,4.61600158208566e-26,"PAGE1"
"ENSG00000069424",999.713250925519,1.24444455841303,0.0907198353863632,13.7069314392796,9.22786527516323e-43,1.28602468700434e-40,"KCNAB2"
"ENSG00000069812",163.460491348219,3.1057092103428,0.199861526569579,14.829621478055,9.42629840992048e-50,1.68184376470505e-47,"HES2"
"ENSG00000069966",265.865012135688,1.24156688325667,0.140930669650189,8.79286484308185,1.45793818566744e-18,5.13707729017817e-17,"GNB5"
"ENSG00000071205",166.058748659646,3.13778478021289,0.196655779839347,15.2799723873989,1.0398477215367e-52,2.06583080678625e-50,"ARHGAP10"
"ENSG00000071242",304.932648615048,2.70528875255403,0.163338045914928,16.3912574721331,2.20828760922731e-60,5.33263383704099e-58,"RPS6KA2"
"ENSG00000071246",112.536698717279,1.04152889302058,0.201335669837062,5.16231582501463,2.43913312408892e-07,2.28435296128314e-06,"VASH1"
"ENSG00000071909",1096.64729657451,1.56675452457467,0.0940816486236594,16.6384344649169,3.67090479313332e-62,9.18119509511167e-60,"MYO3B"
"ENSG00000072182",943.053477068963,1.13260758402219,0.0925562321283453,12.2312381013844,2.11687240274473e-34,1.9441911392028e-32,"ASIC4"
"ENSG00000072657",34.9012085372799,1.2549495625909,0.284774984540587,4.49222648579157,7.04824084394107e-06,5.07154694375744e-05,"TRHDE"
"ENSG00000073670",111.89618383463,2.06715901423097,0.238251065917001,8.54606193556056,1.27359688396504e-17,4.11487842141046e-16,"ADAM11"
"ENSG00000073737",33.0067644213583,1.14097062317848,0.277404571476183,4.08832381506621,4.34501360452774e-05,0.000267265088032567,"DHRS9"
"ENSG00000074706",8.36261577003938,1.0573909480906,0.267947828475161,3.92137089656418,8.80466181203655e-05,0.000507064528533651,"IPCEF1"
"ENSG00000075391",400.589284757867,1.00506212272186,0.152906445941216,6.56913430550902,5.0608622287518e-11,8.17088603756746e-10,"RASAL2"
"ENSG00000075426",434.436296230413,1.13035744848349,0.147527617814355,7.65440744678312,1.94205622449463e-14,4.59782419857789e-13,"FOSL2"
"ENSG00000076356",365.632005923894,1.76090050019147,0.167907431905303,10.4679001699723,1.21303918435134e-25,7.15361129095783e-24,"PLXNA2"
"ENSG00000076770",142.598082463501,1.85105259582223,0.225392022811351,8.17641365650456,2.92416893219729e-16,8.41848099986747e-15,"MBNL3"
"ENSG00000077092",97.2775627163921,1.41287603151204,0.205456834589907,6.82981951932743,8.50215279679336e-12,1.50260128797335e-10,"RARB"
"ENSG00000077522",95.6751050020418,1.1359528563985,0.255387758940628,4.45622624472688,8.34150001548027e-06,5.90801765951032e-05,"ACTN2"
"ENSG00000077782",279.647517392344,1.39962936913915,0.160641590549344,8.68805489050958,3.6869764931034e-18,1.24134117217322e-16,"FGFR1"
"ENSG00000078814",299.834099205587,1.79475498219793,0.160656473908068,11.1217190490345,9.83583011265733e-29,6.97690444352168e-27,"MYH7B"
"ENSG00000079308",339.343881016909,1.08129800587879,0.127958562510826,8.43950680669145,3.18679445332808e-17,9.90771212282199e-16,"TNS1"
"ENSG00000079691",76.0616415657844,1.43367703608702,0.238610541889413,5.96354714779854,2.46820190621323e-09,3.15416385934512e-08,"CARMIL1"
"ENSG00000080166",202.163194205191,3.86693835791193,0.205603495139304,17.166741430614,4.7113770764905e-66,1.36056798625414e-63,"DCT"
"ENSG00000080200",414.118401277136,1.23293382337733,0.115297463734936,10.6789417981672,1.27719195917833e-26,8.0397081259558e-25,"CRYBG3"
"ENSG00000080493",52.5756309640466,1.03502022955455,0.255753904301901,4.03898409001197,5.36832059055577e-05,0.000324929551388609,"SLC4A4"
"ENSG00000080573",64.0036234965579,2.78257568679607,0.257253092990824,9.82784366148222,8.54283168052757e-23,4.12589312129204e-21,"COL5A3"
"ENSG00000080644",34.9984226548344,1.17853925095086,0.28700245921794,4.17692684122447,2.95474005861706e-05,0.00018747039302827,"CHRNA3"
"ENSG00000080854",21.9814573636912,1.05723537926846,0.286320161899309,3.97029905132362,7.17824763412608e-05,0.000421722048504907,"IGSF9B"
"ENSG00000081479",72.6033920114674,1.18008022700156,0.250827852845967,4.70727911790461,2.51045064375809e-06,1.98539648314375e-05,"LRP2"
"ENSG00000081818",16.2859200411353,1.65214954135722,0.288748205893221,5.15328088910533,2.559681154084e-07,2.39165405230824e-06,"PCDHB4"
"ENSG00000081853",60.1953109221946,1.99529164817792,0.250315501788172,7.74138836609688,9.83370163158234e-15,2.41633026406916e-13,"PCDHGA2"
"ENSG00000082014",827.925386036121,1.13047912516536,0.0884939226024911,12.7660668257276,2.53651415059122e-37,2.76470172709577e-35,"SMARCD3"
"ENSG00000083844",268.289244501147,1.23942042504606,0.184806548952789,6.70381132326518,2.030524122487e-11,3.41821164177318e-10,"ZNF264"
"ENSG00000085465",49.5390906518468,1.03376659823942,0.252752104098654,4.07871875426177,4.52845797308436e-05,0.000277755998997239,"OVGP1"
"ENSG00000085552",48.4818331844669,1.33521828722252,0.258905320399596,5.09763358380815,3.43925708932702e-07,3.14324533723421e-06,"IGSF9"
"ENSG00000085563",1786.5980383444,3.02233324644243,0.109438847324489,27.5382683898026,6.11604279544822e-167,1.55747809805542e-163,"ABCB1"
"ENSG00000085741",39.3279118747991,1.55816450458797,0.269338294731245,5.65109097184402,1.59432680717189e-08,1.79358564347386e-07,"WNT11"
"ENSG00000086967",16.6524477218137,1.09582122720394,0.28593864553352,3.90472044110682,9.43343701028788e-05,0.000538515258879528,"MYBPC2"
"ENSG00000087085",518.564432037689,1.22461225952242,0.121411261723857,10.0770248100531,6.98078951575294e-24,3.64824395364312e-22,"ACHE"
"ENSG00000087842",704.395790970682,1.07431436102912,0.0987557381674736,10.8722210493434,1.56347653040603e-27,1.03292699456919e-25,"PIR"
"ENSG00000088836",216.442804211507,2.21646050146254,0.193922645904075,11.3266406208302,9.68483943037293e-30,7.27323651805915e-28,"SLC4A11"
"ENSG00000088882",421.24701572916,3.24002020603329,0.155989561075675,20.3894466523502,2.07479270698691e-92,1.07627950570588e-89,"CPXM1"
"ENSG00000089116",41.7592943258407,1.80323829000678,0.272874592529457,6.41886965302149,1.37289894340399e-10,2.09578447970749e-09,"LHX5"
"ENSG00000090104",58.9500730640265,2.40725021021643,0.256133628063599,8.85867340759392,8.09722082010473e-19,2.92292976305121e-17,"RGS1"
"ENSG00000090382",2255.15153323238,1.12073614720185,0.0628326338727484,17.8335102231837,3.88260977616447e-71,1.23590528465817e-68,"LYZ"
"ENSG00000090776",336.81261893985,1.4191637425137,0.127824294842555,11.0769522835,1.62303594600154e-28,1.13377762891259e-26,"EFNB1"
"ENSG00000091831",15.6743037190827,1.07609634888529,0.289113797212329,3.62395646633128,0.000290130460267437,0.00148413704401232,"ESR1"
"ENSG00000093072",30.8006661801217,1.28021871574055,0.27384980874957,4.63013172697014,3.65433181473767e-06,2.80068790135244e-05,"ADA2"
"ENSG00000095203",131.801793930611,1.19239933796937,0.191779854202429,6.19505706444401,5.82639173547148e-10,8.13603615623265e-09,"EPB41L4B"
"ENSG00000095303",1597.75462660634,1.07902557639875,0.0796237133644146,13.5481586971195,8.12425568601356e-42,1.09411851094525e-39,"PTGS1"
"ENSG00000095596",255.105373620519,1.79674465151427,0.144158822637131,12.4008303477805,2.58629542140103e-35,2.54201078401002e-33,"CYP26A1"
"ENSG00000095739",1756.07895757853,1.16887659368351,0.08221184113045,14.2142668066044,7.47300167199073e-46,1.15653990517019e-43,"BAMBI"
"ENSG00000099204",148.793871221984,1.48778852265048,0.189117220875049,7.82090578542223,5.24445864654991e-15,1.32588245132812e-13,"ABLIM1"
"ENSG00000100060",31.0316946078252,1.22907881945811,0.273998475826896,4.4122974969965,1.02279442388827e-05,7.13231700322581e-05,"MFNG"
"ENSG00000100228",31.9793185006626,1.03216956955505,0.277334328950532,3.7176371052206,0.000201094855244773,0.00106424883527613,"RAB36"
"ENSG00000100285",2157.82121613579,1.17605631575706,0.104865857029115,11.2127066616535,3.53223829692271e-29,2.59698318040417e-27,"NEFH"
"ENSG00000100311",507.736946006956,2.38946873492607,0.156256841325421,15.2194016532816,2.62924704156595e-52,5.18665268509475e-50,"PDGFB"
"ENSG00000100368",162.233441929154,1.14555205923672,0.179050136687723,6.38167085807498,1.75166138061776e-10,2.63945877320413e-09,"CSF2RB"
"ENSG00000100599",69.9051614666466,1.44989206840135,0.234767363744474,6.11495096872094,9.65866558236603e-10,1.30515456002526e-08,"RIN3"
"ENSG00000100842",26.1990163334746,1.48104443026933,0.28451287564944,5.06384224878154,4.10889695285749e-07,3.70568002071616e-06,"EFS"
"ENSG00000100867",4170.44263785791,1.39864698277761,0.0661404497246319,21.1434001478566,3.1736920500706e-99,1.93264047188212e-96,"DHRS2"
"ENSG00000100968",197.14543807662,1.37374164339505,0.17538289219891,7.80767792787652,5.82512092790857e-15,1.46475123368559e-13,"NFATC4"
"ENSG00000101017",160.62598057465,1.29715988897285,0.186916706744955,6.91702054499222,4.61241218061686e-12,8.42261342916815e-11,"CD40"
"ENSG00000101076",52.1533578586732,1.18155290152016,0.253307498235535,4.64935327556678,3.32977457349917e-06,2.57377608589566e-05,"HNF4A"
"ENSG00000101160",8305.1264674003,1.12607052901937,0.0697426224330824,16.1453772508435,1.22397881677728e-58,2.8571745512971e-56,"CTSZ"
"ENSG00000101162",860.330100169618,1.84663839205491,0.0958390885212275,19.2364798717381,1.83237785747842e-82,7.89670285287469e-80,"TUBB1"
"ENSG00000101210",6938.59343242638,1.94845253642667,0.0568163677298065,34.2869324383747,1.22887165448678e-257,5.73719213091395e-254,"EEF1A2"
"ENSG00000101298",1472.75447999116,2.53668007322544,0.0938488795195945,26.9719030607607,3.15781571971198e-160,5.89711559603813e-157,"SNPH"
"ENSG00000101400",4079.69515029753,1.10626744943475,0.0614042871011424,18.014438779279,1.5009547376819e-72,5.06563182071631e-70,"SNTA1"
"ENSG00000101445",2793.73606836635,1.23067618445178,0.077631650019993,15.8501542978022,1.40236119494005e-56,3.11769379306831e-54,"PPP1R16B"
"ENSG00000101489",85.0596918421933,1.05540457019699,0.232726260565063,4.53155975153242,5.85497710201864e-06,4.29344551261115e-05,"CELF4"
"ENSG00000101493",73.3434517553393,1.44615767651343,0.26604256255081,5.41657628623641,6.07510770666257e-08,6.2656817775785e-07,"ZNF516"
"ENSG00000101605",465.275634413142,3.1805109010958,0.152525130459041,20.5247188792965,1.29510259673713e-93,6.84498376222652e-91,"MYOM1"
"ENSG00000101665",327.978814809827,1.50361431358777,0.128594424865937,11.6658571504718,1.90475042611155e-31,1.54207713688545e-29,"SMAD7"
"ENSG00000101670",191.521005494513,1.08475842786357,0.168605232737795,6.42670186273327,1.30402219213328e-10,2.00374490652975e-09,"LIPG"
"ENSG00000101951",64.498817582893,2.27373690232041,0.242895887139169,8.9569198516437,3.33874213010716e-19,1.24368144346492e-17,"PAGE4"
"ENSG00000101977",26.6590760051817,1.93493361826292,0.284586411457875,6.35416907252895,2.09556251632765e-10,3.12737864716942e-09,"MCF2"
"ENSG00000102003",949.918595279923,2.43339912317042,0.0939085921806617,25.833372076613,3.74155343920126e-147,4.55688673647416e-144,"SYP"
"ENSG00000102010",376.804035889349,2.00403151874001,0.128462491746238,15.5251420306084,2.34484352818135e-54,4.86546347491969e-52,"BMX"
"ENSG00000102021",74.285678637796,3.14708329176323,0.254932403515049,10.7565526591,5.51965267812311e-27,3.55440254757666e-25,"LUZP4"
"ENSG00000102048",94.041951442463,1.35952863322226,0.203266371455806,6.64743425293394,2.98246134639944e-11,4.9464006652067e-10,"ASB9"
"ENSG00000102879",1241.90777034187,1.3625827163371,0.0938688326217519,14.5083950422363,1.07199523914442e-47,1.78742444279246e-45,"CORO1A"
"ENSG00000103184",59.2867679783871,1.47600792490549,0.250060368468754,5.84323475774366,5.11967881465092e-09,6.26802635297209e-08,"SEC14L5"
"ENSG00000103740",253.822643801382,1.31679461563432,0.149884428581974,8.7622232093539,1.91436734040699e-18,6.63678934894561e-17,"ACSBG1"
"ENSG00000104081",232.146279778085,1.4435639988086,0.157031716711123,9.17199226321645,4.64356348914088e-20,1.83982320308082e-18,"BMF"
"ENSG00000104290",223.236513235494,1.31012034201961,0.289857432085941,4.7122510986649,2.44995232113064e-06,1.94029020128672e-05,"FZD3"
"ENSG00000104419",590.88014545269,1.65453784097133,0.123330105815321,13.3954640558808,6.42730503460606e-41,8.49253153912193e-39,"NDRG1"
"ENSG00000104432",61.9517685247052,1.17610510354449,0.246594664319447,4.74820426271836,2.05230708030388e-06,1.64536994657906e-05,"IL7"
"ENSG00000104818",42.9154549885782,2.85161305583495,0.279409129797799,8.04885529011222,8.35719902010563e-16,2.31554756628288e-14,"CGB2"
"ENSG00000104833",554.753126525064,1.89196640390291,0.112597666189846,16.7562317400274,5.09937387070511e-63,1.32262648950177e-60,"TUBB4A"
"ENSG00000104848",48.0962170355029,1.36241466309413,0.248264630181445,5.41519614200017,6.12215568564803e-08,6.30955942113218e-07,"KCNA7"
"ENSG00000104892",169.988225428461,1.3428010154826,0.169423534193284,7.8968838206653,2.85962688835708e-15,7.40331500893333e-14,"KLC3"
"ENSG00000105088",111.286593768796,3.05978230586999,0.21692261991707,13.2362960592469,5.41544139342513e-40,6.83321370777589e-38,"OLFM2"
"ENSG00000105122",24.381742453638,2.16647667412987,0.287247694049923,6.75748039820665,1.40412031181109e-11,2.40564025531819e-10,"RASAL3"
"ENSG00000105146",274.066572861407,1.55677917541371,0.148271765559587,10.4660825452654,1.23654922092627e-25,7.27693629760225e-24,"AURKC"
"ENSG00000105255",134.916119401615,1.83514272666287,0.19147070982904,9.48410034264571,2.44482845144461e-21,1.05686010157201e-19,"FSD1"
"ENSG00000105278",29.6098285187081,1.64597481093655,0.279524047575681,5.86393494332612,4.52024643642782e-09,5.57311369618029e-08,"ZFR2"
"ENSG00000105290",530.338363283382,1.10425036195201,0.121069816310458,9.11419924901006,7.9253556146165e-20,3.09199249967461e-18,"APLP1"
"ENSG00000105357",231.137480803403,1.49398139742891,0.153105992609053,9.70444127190543,2.88653432376212e-22,1.34538435070257e-20,"MYH14"
"ENSG00000105419",183.358219569819,2.24116522683094,0.178338791424454,12.397062606551,2.71079670781342e-35,2.6550642440304e-33,"MEIS3"
"ENSG00000105549",9.2742817400501,1.00623866692427,0.277251342654008,3.6176936083068,0.000297239970642771,0.00151607539287059,"THEG"
"ENSG00000105641",63.5068821305293,1.260858965988,0.232355604293187,5.38052804984172,7.42676654141577e-08,7.57330121434797e-07,"SLC5A5"
"ENSG00000105642",301.537792493692,1.13883214885408,0.164320485141825,6.92043302764824,4.50265149499575e-12,8.23829351259445e-11,"KCNN1"
"ENSG00000105696",17.9578942577936,1.05033001302242,0.289260299894212,3.65731357656124,0.000254872503278981,0.00132335283815585,"TMEM59L"
"ENSG00000105825",191.626391398173,1.2145148525369,0.169462901562461,7.14993885042953,8.68165655948756e-13,1.72966261411355e-11,"TFPI2"
"ENSG00000105991",18.2069858571065,1.16283594702485,0.289753977322679,3.96237712526178,7.42072008137528e-05,0.000434055566756075,"HOXA1"
"ENSG00000106025",131.14182363438,1.87327500844769,0.19201376197589,9.65078619086444,4.87803007998324e-22,2.24005538689329e-20,"TSPAN12"
"ENSG00000106066",347.634789117608,1.84066331740348,0.133659088698219,13.7107214137348,8.75826690186105e-43,1.22668286227466e-40,"CPVL"
"ENSG00000106123",2351.1329952537,1.61996885977743,0.0852255167690767,19.0006422550866,1.68470298868686e-80,6.74170001701378e-78,"EPHB6"
"ENSG00000106537",6542.58012205767,1.37070506815195,0.051537860402149,26.5935988618769,8.04984932937115e-156,1.2527354411908e-152,"TSPAN13"
"ENSG00000106617",443.229018361018,1.02291039723742,0.110891706917392,9.21737541016515,3.04461047282211e-20,1.22536822650421e-18,"PRKAG2"
"ENSG00000106624",113.288914770651,1.01315714556244,0.205426463397895,4.91727167315616,8.77587222504887e-07,7.49252461956931e-06,"AEBP1"
"ENSG00000106976",3900.36151007783,1.54813490791216,0.0813949734306925,19.0166805944332,1.24095691330697e-80,5.03792537037026e-78,"DNM1"
"ENSG00000107281",236.269011006697,1.55099342596725,0.14895012116558,10.367280407241,3.49325090508876e-25,2.0010827066124e-23,"NPDC1"
"ENSG00000107485",45.768159123292,1.92764354300051,0.266199373380205,7.0367663790844,1.96752323537176e-12,3.78532011464518e-11,"GATA3"
"ENSG00000107719",73.413660330617,1.79541169676312,0.22428639586018,7.85548617649913,3.9822441186562e-15,1.01965833868188e-13,"PALD1"
"ENSG00000107736",165.920922204467,1.01183521663361,0.171278186521769,5.89356903470012,3.77942096558012e-09,4.70529511501469e-08,"CDH23"
"ENSG00000107807",161.273929643924,1.61675838253579,0.193980889827585,8.29266712940542,1.10736914233874e-16,3.28249993811565e-15,"TLX1"
"ENSG00000107819",223.925584318331,1.2063085520167,0.158819572702903,7.5769844780737,3.53679076046647e-14,8.21497369669873e-13,"SFXN3"
"ENSG00000107859",50.3316193309745,1.54404177410767,0.256421289872423,5.92580054553471,3.10779616817195e-09,3.93204996670428e-08,"PITX3"
"ENSG00000108387",50.1137979389659,1.30895972648285,0.247692302987746,5.24276769601883,1.58185647782668e-07,1.53484460190097e-06,"SEPTIN4"
"ENSG00000108813",131.293320135324,2.04596313214524,0.195233928534501,10.3026327423629,6.85588132397575e-25,3.84863622539496e-23,"DLX4"
"ENSG00000108852",175.28773507113,3.02713124409357,0.199333455702156,14.5473284570225,6.07287628541905e-48,1.02477958136842e-45,"MPP2"
"ENSG00000109063",90.7215636240109,1.28262064315042,0.208232144206051,6.12682632936026,8.9649232386231e-10,1.21610377607898e-08,"MYH3"
"ENSG00000109265",57.4193422238042,1.71728274318497,0.263676896332833,6.37238510468585,1.86110838757637e-10,2.79685451463461e-09,"CRACD"
"ENSG00000109846",181.718834008598,1.25222962696399,0.17477437450849,7.14464896333604,9.02261652170105e-13,1.7950393040191e-11,"CRYAB"
"ENSG00000109906",103.303309518354,2.0662760882526,0.21500762466074,9.448504427058,3.43706306526081e-21,1.47215612513893e-19,"ZBTB16"
"ENSG00000110042",44.3696388598714,1.12081160087284,0.282902170950699,4.01213703373135,6.01715526973798e-05,0.000360001182007476,"DTX4"
"ENSG00000110079",416.932209208692,1.88519264765956,0.135548546133827,13.8589834689538,1.12252688639801e-43,1.6377199553011e-41,"MS4A4A"
"ENSG00000110092",3893.25269356488,1.9331788753678,0.0781327746631708,24.7341644660812,4.59026092181492e-135,5.35759953924498e-132,"CCND1"
"ENSG00000110169",31.6976938538843,1.22992751607688,0.276473487924485,4.37442296096599,1.21754110510145e-05,8.37773555296041e-05,"HPX"
"ENSG00000110237",168.676733773866,1.63922493614157,0.170376045583723,9.57633580474207,1.00548987813616e-21,4.49215031361247e-20,"ARHGEF17"
"ENSG00000110400",77.3185499193894,1.54318499190087,0.248469786706327,6.17997775097276,6.41106361802976e-10,8.88603236359474e-09,"NECTIN1"
"ENSG00000110665",672.154102162217,2.18347645561932,0.124738074628733,17.4518686526612,3.3315301043439e-68,1.01933460866234e-65,"C11orf21"
"ENSG00000110876",251.908845099266,1.33491948093645,0.141381213432813,9.4164837032752,4.66447373813389e-21,1.97373471831732e-19,"SELPLG"
"ENSG00000110881",402.007589949537,1.99241684581953,0.130406732162123,15.2133459611913,2.88417180705029e-52,5.64974969644005e-50,"ASIC1"
"ENSG00000111199",17.2909784831853,1.61948653403894,0.289439583234918,5.21272564915667,1.86086002694154e-07,1.77784485247907e-06,"TRPV4"
"ENSG00000111331",392.294392712357,1.20394893205492,0.162167392344646,7.42018646014447,1.16955563303537e-13,2.56350488204904e-12,"OAS3"
"ENSG00000111424",632.209975691335,1.85511768459918,0.108897622998896,16.999688285064,8.25577446870082e-65,2.28971043977473e-62,"VDR"
"ENSG00000111554",2335.35049165117,1.63232949688757,0.0847442446310039,19.2541913264112,1.301914944666e-82,5.69831897343501e-80,"MDM1"
"ENSG00000111962",35.031199097986,1.2762097176592,0.271361497682947,4.65889193211082,3.17916037702524e-06,2.47099446396312e-05,"UST"
"ENSG00000112276",73.5970583097054,1.35098461279009,0.228141415383521,5.87515884143154,4.22438093388153e-09,5.23135980194029e-08,"BVES"
"ENSG00000112280",32.3673829883491,1.14310817682319,0.270055985973903,4.17732140487986,2.94962096981547e-05,0.000187187998655349,"COL9A1"
"ENSG00000112394",188.095088050957,2.07313498211153,0.181651461535928,11.3367624773686,8.62775236066118e-30,6.49679029910863e-28,"SLC16A10"
"ENSG00000112541",46.1735770317676,1.45660371630425,0.254830844730725,5.68299880378447,1.32353195170555e-08,1.51017421715584e-07,"PDE10A"
"ENSG00000112655",1423.35504854172,1.14030503580313,0.0760116732075798,14.9968478951011,7.69897356918843e-51,1.44740703100742e-48,"PTK7"
"ENSG00000112852",121.745297028544,2.99479302374155,0.220960141086473,12.8384826121712,9.98116257548866e-38,1.12286074724734e-35,"PCDHB2"
"ENSG00000113205",67.652907817586,2.42208807708572,0.243298759012429,9.45283831982885,3.29765070352929e-21,1.41460630179575e-19,"PCDHB3"
"ENSG00000113209",114.455307799992,3.35782061170154,0.228361417406063,13.1843647955788,1.07959476286117e-39,1.33222944921882e-37,"PCDHB5"
"ENSG00000113211",17.6047086059663,1.09843734771818,0.289508471909814,3.74245431938395,0.000182231667194093,0.000973616910440764,"PCDHB6"
"ENSG00000113430",15.6196545062987,1.14648302899434,0.288702412846126,3.94814690291076,7.87584726508798e-05,0.000457822921899217,"IRX4"
"ENSG00000113749",10.7293372146793,1.1546552943681,0.282488176320117,3.98366719976373,6.78598878989969e-05,0.000400524900932723,"HRH2"
"ENSG00000114487",21.4489380152724,1.2379217236402,0.289602002307704,4.28595131365406,1.81958838062801e-05,0.000120754109732651,"MORC1"
"ENSG00000114790",93.215173137849,1.80073019628358,0.211540379683543,8.38168042010445,5.21773448320984e-17,1.59911573680169e-15,"ARHGEF26"
"ENSG00000114805",294.274377175611,1.98159315287067,0.173181506625715,11.3847005603499,4.98391481513614e-30,3.80407143873552e-28,"PLCH1"
"ENSG00000114812",25.8461922548466,1.02232655541566,0.28669238280131,3.52883282689423,0.00041739671350583,0.00205738461001677,"VIPR1"
"ENSG00000114923",87.1781705797649,1.76154070525168,0.223520009976596,7.76170029166293,8.37982474162147e-15,2.06815551244318e-13,"SLC4A3"
"ENSG00000115041",11.8462994214041,1.1598153000754,0.285600044917855,4.02374778382626,5.72792591873539e-05,0.00034461052584969,"KCNIP3"
"ENSG00000115085",23.8640740523025,1.07190040065656,0.288389472541708,3.75541039714113,0.000173057667905169,0.000930637625908923,"ZAP70"
"ENSG00000115183",128.456072758409,1.39900929042266,0.185031735180655,7.52045796117036,5.45847029641464e-14,1.2311004021189e-12,"TANC1"
"ENSG00000115194",357.265243733013,1.67168052057014,0.12765418252978,13.0579859460307,5.72216808039705e-39,6.82082435183328e-37,"SLC30A3"
"ENSG00000115468",373.526727700182,1.13342123879812,0.124098589139543,9.12201070422883,7.37432441773346e-20,2.89313131077801e-18,"EFHD1"
"ENSG00000115884",502.264536333759,1.73068980703853,0.10818537720849,15.9568003563972,2.55498270260762e-57,5.81871345247518e-55,"SDC1"
"ENSG00000115956",206.209324764055,3.93868403579541,0.200083351427264,18.1930631932602,5.85732022273906e-74,2.0009177326752e-71,"PLEK"
"ENSG00000116661",114.501718479374,1.1999507059568,0.189258100259772,6.31515432836963,2.69892006137315e-10,3.95408727820004e-09,"FBXO2"
"ENSG00000116667",64.1491393310031,1.20356774876858,0.243520433746319,4.90426469900817,9.37779601153035e-07,7.96998852776056e-06,"C1orf21"
"ENSG00000116711",166.741845121658,1.47438584594206,0.184217104988223,7.96752525897906,1.6188337939853e-15,4.34356055911074e-14,"PLA2G4A"
"ENSG00000116983",40.3587473614078,1.54758052489803,0.265551472606848,5.70645602811048,1.15352689149693e-08,1.32973643146551e-07,"HPCAL4"
"ENSG00000116985",172.766728023269,1.05531379171503,0.182476844986146,5.77176101619356,7.84473237638841e-09,9.30735465173199e-08,"BMP8B"
"ENSG00000117016",565.919413173886,1.56393915384859,0.104684500129166,14.9154303717468,2.61585205282234e-50,4.85266541083838e-48,"RIMS3"
"ENSG00000117020",171.466702150488,1.060756537591,0.16160586409735,6.54209609889538,6.06624992833104e-11,9.68801556399139e-10,"AKT3"
"ENSG00000117115",35.4911665545532,1.12751923274349,0.269413917138959,4.14293636739403,3.428871074839e-05,0.000214635835862324,"PADI2"
"ENSG00000117148",1021.08615309978,4.24558835150396,0.118834428808366,34.937200676228,2.02599949217618e-267,1.13504595549678e-263,"ACTL8"
"ENSG00000117266",115.229984133994,1.72329161529678,0.203715592031476,8.37210526385993,5.65978513471726e-17,1.7251567050457e-15,"CDK18"
"ENSG00000117318",533.120785750436,1.15505303057741,0.109305477237123,10.5584673838271,4.64178434016975e-26,2.83280311409227e-24,"ID3"
"ENSG00000117602",312.385330048413,1.89347269163887,0.170639619402858,11.0586103513915,1.99159166605252e-28,1.3877727798374e-26,"RCAN3"
"ENSG00000117643",54.2774464467538,1.41085919001813,0.248684254494188,5.61224327935519,1.99720380619962e-08,2.21391662126093e-07,"MAN1C1"
"ENSG00000117707",61.2418833213021,1.033204322358,0.264815370502844,3.89364497694536,9.8749140587284e-05,0.000560973621198742,"PROX1"
"ENSG00000117791",34.4267965559831,1.32693560898654,0.276582752091472,4.77090671977827,1.83398463446545e-06,1.48050655852006e-05,"MTARC2"
"ENSG00000118432",47.2731905866085,1.14210837107596,0.254820869004334,4.44281270885988,8.87904512202009e-06,6.26025199995033e-05,"CNR1"
"ENSG00000118898",97.1213126577125,1.07340672913302,0.227900211089496,4.698348241941,2.62273961060945e-06,2.06537304245491e-05,"PPL"
"ENSG00000118922",53.5746802368888,1.27544451984746,0.268531778336656,4.71733874296022,2.38949658630289e-06,1.89723861608607e-05,"KLF12"
"ENSG00000119632",141.304903090328,1.02523330688124,0.184392031107847,5.54639931484543,2.91612424103535e-08,3.1587962969792e-07,"IFI27L2"
"ENSG00000119771",49.2603991528101,1.79362919724662,0.252681494973735,6.94520470641715,3.77911928105601e-12,6.97829197764937e-11,"KLHL29"
"ENSG00000119782",98.0697611186568,1.06652640982746,0.200690596330632,5.29358470996603,1.19941643430482e-07,1.18637193353625e-06,"FKBP1B"
"ENSG00000119862",85.8431769571159,1.42099630217451,0.224488821623008,6.27696487738373,3.45246033654536e-10,4.95950353575942e-09,"LGALSL"
"ENSG00000120054",9.25221754155856,1.04358548599043,0.279839262229453,3.60239808941883,0.000315295023849677,0.00159624872728667,"CPN1"
"ENSG00000120322",44.0531075300251,2.73042381739855,0.27385830079704,8.42614013149112,3.57254309707035e-17,1.1094687054893e-15,"PCDHB8"
"ENSG00000120327",35.7225126481485,1.35324322438354,0.266017368664438,5.00274578087135,5.65194530521535e-07,4.98182164536477e-06,"PCDHB14"
"ENSG00000120498",67.5151274794238,1.43620354331874,0.233373403172892,6.08173231119173,1.18890945053494e-09,1.59195657401456e-08,"TEX11"
"ENSG00000120645",52.2756455944056,1.29140988756582,0.263498414663009,4.87619178366116,1.08153462376959e-06,9.0787976868546e-06,"IQSEC3"
"ENSG00000120675",115.453859097226,1.03587072071188,0.207003358689201,4.98993179455781,6.04006153409581e-07,5.29228037826374e-06,"DNAJC15"
"ENSG00000120913",174.208902363962,1.28571747879773,0.164026541156826,7.82043553237799,5.26408859695796e-15,1.32964517383216e-13,"PDLIM2"
"ENSG00000121005",33.0971068564874,1.08864066938633,0.273576328525767,3.96860370730447,7.22949936725309e-05,0.000424110442461767,"CRISPLD1"
"ENSG00000121743",46.8214763653363,1.21622311619929,0.252749865630316,4.76512591530585,1.88735750211941e-06,1.52096255320394e-05,"GJA3"
"ENSG00000121753",118.686410083863,1.5634657502059,0.198868371563264,7.81321207678961,5.57486757047854e-15,1.40560927438564e-13,"ADGRB2"
"ENSG00000121900",810.829770126465,1.2512309831371,0.0882765698881962,14.1640735705064,1.52869612034343e-45,2.33999102311804e-43,"TMEM54"
"ENSG00000121966",22.0126416481358,1.60337766565262,0.287094858788281,5.30148238357068,1.14866133818231e-07,1.14140835066204e-06,"CXCR4"
"ENSG00000122691",120.654019604445,1.77775232876983,0.207083128363435,8.51024006065845,1.73573611326105e-17,5.53144937482008e-16,"TWIST1"
"ENSG00000122728",20.6236486680653,1.05370806686745,0.288972433252228,3.61943715842276,0.000295244497727393,0.00150726970481861,"TAF1L"
"ENSG00000122778",380.261868645947,2.13873483307281,0.127195169209729,16.7341217332947,7.39397041118397e-63,1.88290817416441e-60,"KIAA1549"
"ENSG00000123243",738.168150277757,3.42399258783441,0.10927525879659,30.9343572283306,4.12447967712498e-210,1.65049892450893e-206,"ITIH5"
"ENSG00000123358",350.371721278927,1.51643589093825,0.132482344751137,11.4163549119125,3.4646235229954e-30,2.66623720126778e-28,"NR4A1"
"ENSG00000123364",60.3323902607342,2.08732624862103,0.246938830888232,8.16091842689849,3.32486666134434e-16,9.52312524719609e-15,"HOXC13"
"ENSG00000123407",123.431558737985,3.1094296741591,0.211902159752689,13.7272386751133,6.97412281805895e-43,9.81704162710891e-41,"HOXC12"
"ENSG00000123612",226.26378427015,2.10774077563802,0.173971374743964,11.9845433138541,4.28197599096117e-33,3.80783210980331e-31,"ACVR1C"
"ENSG00000123685",116.860055626084,2.33358952971051,0.200743380589307,11.3560474723372,6.92054442012095e-30,5.2678883232725e-28,"BATF3"
"ENSG00000123999",86.5279105172514,1.41106326720109,0.223360141838819,6.26963301015011,3.61900039741504e-10,5.19075469187866e-09,"INHA"
"ENSG00000124374",164.801183344749,1.8955193670503,0.171267494018829,10.9611516602082,5.87469626390597e-28,4.0039414049765e-26,"PAIP2B"
"ENSG00000124479",27.3577425681471,1.19541784094403,0.285891035888483,4.14726610917368,3.36468909269435e-05,0.000210901031247604,"NDP"
"ENSG00000124496",111.062357054013,1.33718440861081,0.19794999514977,6.71913597042155,1.82805268896328e-11,3.09036885475193e-10,"TRERF1"
"ENSG00000124507",448.056934509375,1.50888981835561,0.115973825199453,12.9816628276424,1.5546822007433e-38,1.81457324196755e-36,"PACSIN1"
"ENSG00000124762",1420.96237936973,1.68542376925862,0.0724712263936758,23.2398311887792,1.80263079959514e-119,1.74121703304342e-116,"CDKN1A"
"ENSG00000124766",125.257742050762,1.1119556313987,0.184815550399586,5.99700142738618,2.00994294674954e-09,2.60057837525857e-08,"SOX4"
"ENSG00000124785",107.45319806103,1.82119769918956,0.204502596037197,8.79003632050797,1.49511623826583e-18,5.24827018374718e-17,"NRN1"
"ENSG00000125378",25.4167352558467,1.22359429047681,0.287739927416562,4.26001029355696,2.04417489234272e-05,0.000134416495503062,"BMP4"
"ENSG00000125462",308.444174508403,1.88142371403804,0.278363496848879,6.85832441298508,6.96728975252773e-12,1.24620681858265e-10,"MIR9-1HG"
"ENSG00000125657",1083.21922055067,1.05862622610931,0.084777295777838,12.4827129610168,9.27709026512538e-36,9.28106616095329e-34,"TNFSF9"
"ENSG00000125740",544.092199453712,1.17616909075433,0.118512029388329,9.91677867927508,3.51931304003325e-23,1.76672037414716e-21,"FOSB"
"ENSG00000125820",25.7309865109716,1.28638292689727,0.286184911249828,4.42929718818407,9.45406713204718e-06,6.63894029839322e-05,"NKX2-2"
"ENSG00000125864",78.4802146602874,1.59821201507906,0.227442711583639,6.93940372346119,3.9375835933886e-12,7.25178117146623e-11,"BFSP1"
"ENSG00000126016",14.0342889297708,1.07993967575143,0.282459159111019,3.82118046487543,0.000132814416786677,0.00073250589545745,"AMOT"
"ENSG00000126243",60.7367404945884,1.23519688424329,0.244624340666619,5.00641606449278,5.54528259344749e-07,4.89859526987232e-06,"LRFN3"
"ENSG00000126259",67.4769864344158,2.82031494442443,0.253586742922579,10.0868825700579,6.3143014624144e-24,3.31228862481559e-22,"KIRREL2"
"ENSG00000126353",33.2028516347369,1.0241852515355,0.267550350208274,3.79365529488655,0.000148445717073116,0.000810290386674341,"CCR7"
"ENSG00000126709",168.144765510341,1.06189746504782,0.164549989835434,6.43862259050286,1.20562564611294e-10,1.86276809701686e-09,"IFI6"
"ENSG00000126822",163.571597454659,1.93816123628801,0.287598771643624,7.01845454150375,2.24335718168921e-12,4.27780268029124e-11,"PLEKHG3"
"ENSG00000126878",851.565623580395,2.39379598237565,0.108404845500265,22.011043505379,2.25736385307394e-107,1.70900746627858e-104,"AIF1L"
"ENSG00000126895",30.530890002941,1.14932113322804,0.273180909648028,4.15551984145309,3.2454877677346e-05,0.000204114511337633,"AVPR2"
"ENSG00000126947",82.9588092066589,1.89541163091169,0.221899171542125,8.38022592945957,5.28262029866191e-17,1.61723234760784e-15,"ARMCX1"
"ENSG00000127074",23.4076545556091,1.49407828782971,0.289585375667896,5.23362063584829,1.66221434040041e-07,1.60613825813371e-06,"RGS13"
"ENSG00000127084",126.008912594105,1.63630033997092,0.193286167905385,8.39585820096025,4.62503535011424e-17,1.4221349091921e-15,"FGD3"
"ENSG00000127920",78.6203559682868,1.04988886360396,0.225678218273954,4.63382875402707,3.58963969617932e-06,2.75638670968682e-05,"GNG11"
"ENSG00000128266",105.205906491925,2.33868859402861,0.22257062214802,10.1575124595156,3.06804236659581e-24,1.65273082255927e-22,"GNAZ"
"ENSG00000128271",144.620241926296,1.29353800685433,0.187966993548663,6.85478270033269,7.14209996483708e-12,1.27429620519119e-10,"ADORA2A"
"ENSG00000128536",61.9232805174538,1.02121722914349,0.241006650576706,4.22210579753819,2.42030450022776e-05,0.000156504085088597,"CDHR3"
"ENSG00000128564",3035.91733269621,1.91629907989368,0.0782126402589432,24.4901567361019,1.88065619070769e-132,2.10723764856416e-129,"VGF"
"ENSG00000128567",155.481954414277,1.55293470678547,0.174107425820412,8.86227463385957,7.83981812193043e-19,2.83732539058805e-17,"PODXL"
"ENSG00000128602",74.8389186457689,1.96813733984166,0.239991453922747,8.03593715040729,9.28663404144475e-16,2.56040544063928e-14,"SMO"
"ENSG00000128714",25.5537220080133,2.28983164390859,0.287738705645272,6.30937081315215,2.80172115595474e-10,4.09826699846497e-09,"HOXD13"
"ENSG00000129170",22.1057670136341,1.90185901178237,0.289367691286571,6.09132470595678,1.11980158128874e-09,1.50373355201631e-08,"CSRP3"
"ENSG00000129295",17.9894656627564,1.08829961364118,0.289662545730729,3.81266944909928,0.000137473916638114,0.000756120037869008,"DNAAF11"
"ENSG00000129455",46.3437016027801,2.74311532368167,0.274585501615205,8.34461614410766,7.14455611639453e-17,2.15660890013409e-15,"KLK8"
"ENSG00000129467",37.8411446933138,1.22345244695836,0.261130506345989,4.66672999466812,3.06031052599702e-06,2.38324766344811e-05,"ADCY4"
"ENSG00000129667",244.912164330979,1.03437452199966,0.148955569080464,6.93345094710407,4.10696363576841e-12,7.5456514265692e-11,"RHBDF2"
"ENSG00000129757",2530.87407017039,1.95249399196425,0.0699937723116682,27.8784249532495,4.87361019371024e-171,1.51688409718012e-167,"CDKN1C"
"ENSG00000129946",61.93195014095,1.68033959671432,0.242418667330619,6.80809458269347,9.889983900644e-12,1.73148893140525e-10,"SHC2"
"ENSG00000129991",4337.80990803251,1.80382128724371,0.0658976914535385,27.3653228222561,7.09716106574542e-165,1.65671396478051e-161,"TNNI3"
"ENSG00000130035",14.248898149184,1.43634773161178,0.287603094023724,5.04527534886867,4.52868711475179e-07,4.05295793796891e-06,"GALNT8"
"ENSG00000130477",433.482924345522,1.29162325894501,0.126457332006987,10.1984774338003,2.01405022274251e-24,1.09548689008666e-22,"UNC13A"
"ENSG00000130528",1964.94362339432,1.12533244312276,0.0678614776104405,16.5793771674156,9.82417024779183e-62,2.43535094673579e-59,"HRC"
"ENSG00000130635",763.248625009219,1.93137907832237,0.0910944661896884,21.1825771461602,1.38257844785342e-99,8.80199715483412e-97,"COL5A1"
"ENSG00000130649",26.9697991779717,1.09507195238266,0.28400134158287,3.87263424761163,0.000107665337249997,0.000605485128899203,"CYP2E1"
"ENSG00000130656",22104.2221477695,1.73234016106829,0.0796751936327258,21.7415814428385,8.29896262499971e-105,6.11764581714452e-102,"HBZ"
"ENSG00000130720",57.9180137333287,1.81950012958855,0.246710636397285,7.23456910943327,4.67009483450105e-13,9.61195418839408e-12,"FIBCD1"
"ENSG00000130751",404.995323560991,1.19976394152544,0.115313128389842,10.3889612064056,2.78368296607707e-25,1.60445529312245e-23,"NPAS1"
"ENSG00000130762",143.371531686994,1.75991494939046,0.183432373367673,9.51403542829342,1.83406431393482e-21,8.00246254858912e-20,"ARHGEF16"
"ENSG00000130829",1033.30218535575,2.16764972129197,0.0835630450757279,25.8860917801184,9.55186046167964e-148,1.21621234205714e-144,"DUSP9"
"ENSG00000130940",522.267602525931,1.87673023420065,0.147932958079275,12.6479868578628,1.14778253561204e-36,1.21327110896469e-34,"CASZ1"
"ENSG00000131016",406.592643222436,1.44190902193526,0.129332028146225,11.1283054008034,9.13557177189123e-29,6.51159380341519e-27,"AKAP12"
"ENSG00000131018",136.139651187119,1.01269407425811,0.219582023033643,4.61580379842206,3.9157675928576e-06,2.97258758295737e-05,"SYNE1"
"ENSG00000131089",132.934259089631,1.41516172505859,0.220541596677797,6.40428180076943,1.51078844870339e-10,2.29502201871362e-09,"ARHGEF9"
"ENSG00000131096",16.5106473822413,1.61541410205055,0.289659370349987,5.31856222058636,1.04590453465203e-07,1.04486012213526e-06,"PYY"
"ENSG00000131398",3407.25809227787,1.62264452326988,0.0681788824803422,23.7934058927238,3.90827518376513e-125,4.05476312768995e-122,"KCNC3"
"ENSG00000131409",1071.57142687571,1.7198393194376,0.0883943742097733,19.4358697469706,3.83853121054187e-84,1.76270387327375e-81,"LRRC4B"
"ENSG00000131773",192.906036422566,1.46866665004054,0.16701147087464,8.76379744667611,1.88780899415724e-18,6.55282596584047e-17,"KHDRBS3"
"ENSG00000131914",804.146699029975,1.27398778058017,0.0996769507014295,12.7725969017598,2.33240692601007e-37,2.55216339107008e-35,"LIN28A"
"ENSG00000132026",93.7529768012871,1.01613696496853,0.204397735309016,4.95062981883444,7.3973692953956e-07,6.38961173921127e-06,"RTBDN"
"ENSG00000132122",71.1003925740385,1.21620844323907,0.249288514246733,4.87748174409589,1.07448789206476e-06,9.02505392279403e-06,"SPATA6"
"ENSG00000132205",584.478977860415,3.01453365763377,0.141614702722003,21.0305768223918,3.44437083598077e-98,2.05284501824454e-95,"EMILIN2"
"ENSG00000132359",191.880714530096,2.10388800714544,0.187643759989147,11.0809200062693,1.55268822581187e-28,1.08734756453605e-26,"RAP1GAP2"
"ENSG00000132518",11.1804406822836,1.37854569686202,0.282437789443273,4.22844453679731,2.35312507012631e-05,0.000152547418339223,"GUCY2D"
"ENSG00000132932",41.672111838088,1.89639412203732,0.265903733899249,6.95327905765721,3.56891719489112e-12,6.6206959247212e-11,"ATP8A2"
"ENSG00000132970",87.0838961440027,1.37968964092185,0.248835765069043,5.53580752655004,3.09797633516091e-08,3.34285489601415e-07,"WASF3"
"ENSG00000132972",52.1248530065109,1.52680279983619,0.258780444550528,5.82172600149588,5.8242978446795e-09,7.0536200270282e-08,"RNF17"
"ENSG00000133020",25.9139978205202,1.47298764125615,0.282867251756519,5.06554602511635,4.07231368072495e-07,3.67505318377794e-06,"MYH8"
"ENSG00000133561",118.612446880498,1.53000892425212,0.288529739823722,5.81589648739235,6.03097801220187e-09,7.28188603783615e-08,"GIMAP6"
"ENSG00000133710",71.5988765458917,1.36461534673359,0.227353266920282,5.94909715800256,2.69625565392713e-09,3.42995065294309e-08,"SPINK5"
"ENSG00000133794",145.99518396972,1.20637623312599,0.223819384208565,5.38500173680971,7.24439488658218e-08,7.40796692827898e-07,"ARNTL"
"ENSG00000133874",176.375140741076,1.39987810520154,0.163059864029356,8.54992144187204,1.23172316997336e-17,3.98418353779373e-16,"RNF122"
"ENSG00000133962",65.1179912266575,1.46475689611403,0.255528383397813,5.67903400987635,1.35457547023984e-08,1.54113691545768e-07,"CATSPERB"
"ENSG00000134250",489.144478065247,1.43145790153925,0.132647204565817,10.7668157855753,4.93784271543069e-27,3.21671744522429e-25,"NOTCH2"
"ENSG00000134256",24.2999896927777,1.47465024370779,0.286273370562247,5.08349731446637,3.70547820444724e-07,3.36350795408218e-06,"CD101"
"ENSG00000134569",312.888446467466,2.4392559437544,0.150742391440258,16.0280137835764,8.14445746994914e-58,1.87002084137881e-55,"LRP4"
"ENSG00000134780",61.9073103972486,1.03119634405524,0.233254877249032,4.39697095372248,1.09772028109122e-05,7.60557519513415e-05,"DAGLA"
"ENSG00000134817",431.792346763254,1.45486121197734,0.115798575070084,12.53933967128,4.5476908671704e-36,4.66629731029953e-34,"APLNR"
"ENSG00000134827",226.992358608751,1.82812040260118,0.182230786501787,9.97758337475247,1.91063465055011e-23,9.76655069912587e-22,"TCN1"
"ENSG00000135097",49.3207974528066,1.80545417112646,0.251805316976484,7.02053471252483,2.21020739872815e-12,4.21746114803631e-11,"MSI1"
"ENSG00000135111",193.910387694484,1.90095185489267,0.174397573319453,10.8196365498797,2.77877120848369e-27,1.82292597405258e-25,"TBX3"
"ENSG00000135116",59.5981211958632,1.48451308213932,0.280660691503107,5.36970530064292,7.88654106482855e-08,8.01588491683517e-07,"HRK"
"ENSG00000135127",175.067760272647,1.22938987306098,0.167771862749607,7.30331511239671,2.80762590798652e-13,5.93563901392591e-12,"BICDL1"
"ENSG00000135424",224.112375455819,1.07941709885639,0.153077548978936,7.03350823675182,2.01404079826863e-12,3.86850692607621e-11,"ITGA7"
"ENSG00000135622",210.406256696286,1.20733150813615,0.185939785139867,6.48159071029605,9.07605740414747e-11,1.4251038116871e-09,"SEMA4F"
"ENSG00000135636",528.457242830497,2.09155209359158,0.116526808700737,17.8789820347394,1.71947819404924e-71,5.53632450249508e-69,"DYSF"
"ENSG00000135638",55.0738523108012,2.15945121506161,0.253843453367775,8.27519949552983,1.28240726658371e-16,3.78134656332031e-15,"EMX1"
"ENSG00000135744",29.783029718955,1.05674554188696,0.280314644802729,3.73613225250823,0.000186872410734592,0.000996320892557553,"AGT"
"ENSG00000135903",52.8576081101004,1.43540558679766,0.242258384409171,5.85770534483826,4.69306355392517e-09,5.77347809716961e-08,"PAX3"
"ENSG00000136367",55.8819232996977,1.26189697934781,0.250748342473978,4.99926877065845,5.75481388993712e-07,5.06611711769071e-06,"ZFHX2"
"ENSG00000136378",50.322677668513,1.70148976560011,0.260364290096809,6.45401227811685,1.08926979554152e-10,1.6923253196178e-09,"ADAMTS7"
"ENSG00000136379",98.9397413734115,1.03198725624839,0.201839860488894,5.0927636019147,3.52881583922344e-07,3.21460778173421e-06,"ABHD17C"
"ENSG00000136383",84.1367775756173,1.0955408077529,0.231348613550246,4.72651102995536,2.28410390501587e-06,1.82078311289996e-05,"ALPK3"
"ENSG00000136490",406.203780827314,1.28085263746531,0.129626713351215,9.86763520259765,5.75042896516718e-23,2.83094931761446e-21,"LIMD2"
"ENSG00000136848",48.1639425184528,1.15337467378542,0.261560637348215,4.39003231933487,1.13333815165147e-05,7.8310479289741e-05,"DAB2IP"
"ENSG00000137285",982.720353716416,1.10963710283388,0.0914535798333519,12.1281681907418,7.49062834633266e-34,6.76862842701517e-32,"TUBB2B"
"ENSG00000137331",1392.88237281446,1.05204492399805,0.0863119064221831,12.1859154178351,3.694810715978e-34,3.36035836934986e-32,"IER3"
"ENSG00000137393",30.5444252665104,1.12117271304132,0.27801455107649,4.00030626071505,6.32605599765047e-05,0.000376312339363315,"RNF144B"
"ENSG00000137460",217.764379298893,1.92933632980758,0.162380673006221,11.7925291255264,4.26536514549708e-32,3.5772876783133e-30,"FHDC1"
"ENSG00000137474",32.8229253913774,1.20422115835454,0.274291727676556,4.33360827475504,1.46685085362301e-05,9.90106653293682e-05,"MYO7A"
"ENSG00000137507",77.0505796698363,1.06730004782484,0.217713775696869,4.87567136510086,1.08439011313763e-06,9.10004069778645e-06,"LRRC32"
"ENSG00000137558",37.8403009236094,1.11345787780572,0.278018572760684,4.02530402182245,5.69017527068239e-05,0.000342560046598657,"PI15"
"ENSG00000137699",48.94307378775,1.00643849364049,0.254550038029683,3.93308893942176,8.38611907913519e-05,0.000485154827849514,"TRIM29"
"ENSG00000137767",179.225808798688,1.1447141623377,0.161069466182169,7.08820342868739,1.35864161123542e-12,2.65955756910737e-11,"SQOR"
"ENSG00000137843",233.413021686851,1.76912139982916,0.155131718516749,11.3395694320616,8.35545359684227e-30,6.30870528718991e-28,"PAK6"
"ENSG00000138356",34.676682447355,1.1117468808137,0.276979562956761,4.00771083280498,6.13101224796927e-05,0.000366059564838193,"AOX1"
"ENSG00000138650",524.486083513914,1.52526702919314,0.11885311909127,12.8129510162114,1.38755424230878e-37,1.53629128203769e-35,"PCDH10"
"ENSG00000138653",10.898110394499,1.05151623494223,0.281637398066998,3.7526956795793,0.000174943178691837,0.000939514632192435,"NDST4"
"ENSG00000138741",72.6930079821819,1.75360192362471,0.224801578890472,7.70039993336545,1.35641024955458e-14,3.28115405099508e-13,"TRPC3"
"ENSG00000138798",575.582321289142,1.18600180046855,0.239472427850608,4.95593881936277,7.19818654285963e-07,6.22140084660857e-06,"EGF"
"ENSG00000138944",39.619578833068,1.23456932636519,0.263785966422898,4.62773902907421,3.6967944393069e-06,2.82704356630808e-05,"SHISAL1"
"ENSG00000138964",8.15880221303583,1.2560403336765,0.270074395370691,4.62299941818509,3.78230784094408e-06,2.88299339430001e-05,"PARVG"
"ENSG00000139044",34.7312510154618,1.54563548723629,0.277385596309666,5.43625121581861,5.44132239632084e-08,5.64318115385928e-07,"B4GALNT3"
"ENSG00000139549",195.368405750272,1.37317549766272,0.16039072599873,8.53064045961547,1.45539705459793e-17,4.66994069798364e-16,"DHH"
"ENSG00000139910",47.5880296749152,1.23042794788246,0.274849438266816,4.50066160784799,6.77422776683439e-06,4.89684145674203e-05,"NOVA1"
"ENSG00000140279",16.9324408699036,1.14194365583398,0.288712083215781,3.97864535730921,6.93090329494537e-05,0.000408185010084297,"DUOX2"
"ENSG00000140323",365.237713924281,1.35081479737113,0.16331972827085,8.26487591204361,1.39840127228283e-16,4.11470760915827e-15,"DISP2"
"ENSG00000140465",23.349801278701,1.33978789701805,0.289175824430259,4.60354002370643,4.15369326036108e-06,3.13959135480935e-05,"CYP1A1"
"ENSG00000140511",263.76227209034,1.20810291408099,0.152338377116406,7.9155234730591,2.46214936040817e-15,6.43374327273822e-14,"HAPLN3"
"ENSG00000141161",15.0990595135266,1.20074307009592,0.289430274547764,4.12342623232287,3.73278041272871e-05,0.000232309808756625,"UNC45B"
"ENSG00000141255",57.8071228890528,2.01034204912137,0.253861816438404,7.6777424112141,1.61916655204632e-14,3.86667463392341e-13,"SPATA22"
"ENSG00000141314",35.7896756290722,1.44838567172785,0.267713235999711,5.28739768051855,1.24068717857128e-07,1.22459933918741e-06,"RHBDL3"
"ENSG00000141448",69.9251566053089,1.66122065523019,0.248390001345183,6.5979150520132,4.16980056287148e-11,6.7949071185082e-10,"GATA6"
"ENSG00000141505",67.4050306482136,1.26701266619784,0.237596407944759,5.29044299715876,1.22020448264926e-07,1.2052315926647e-06,"ASGR1"
"ENSG00000141506",24.4046466467849,1.98001483752843,0.289879032335191,6.37212481781131,1.86427060074072e-10,2.80010445404552e-09,"PIK3R5"
"ENSG00000141540",270.319258862979,1.44121734050835,0.145754508280238,9.86131734406181,6.12405679408209e-23,2.99907480622076e-21,"TTYH2"
"ENSG00000142185",127.573834975102,2.14757884092667,0.192300333273271,10.9849715291508,4.51380895692797e-28,3.09903962013397e-26,"TRPM2"
"ENSG00000142538",20.170853218046,1.11654618387691,0.288778313770375,3.82925622965179,0.000128531129201121,0.000711684916224908,"PTH2"
"ENSG00000142910",143.95833999793,1.10476584185605,0.175394570275589,6.28100625032674,3.36388616097723e-10,4.84401260362136e-09,"TINAGL1"
"ENSG00000142920",77.9924944246694,1.28192539344454,0.235474393939969,5.41867933502179,6.00408943700444e-08,6.19471651231559e-07,"AZIN2"
"ENSG00000142949",1816.31604379927,2.38868542207533,0.105411705794683,22.6257550306942,2.41789173739417e-113,1.99205833376134e-110,"PTPRF"
"ENSG00000143006",21.0492659838649,1.89221870022672,0.28952062278058,5.82974674722058,5.55115578487837e-09,6.75201805670919e-08,"DMRTB1"
"ENSG00000143028",133.264964904782,3.10882869419121,0.209396089804714,14.0378183777094,9.1485798914908e-45,1.37042791401305e-42,"SYPL2"
"ENSG00000143195",44.8052592776687,1.2818655441202,0.263301134606966,4.83070446199722,1.36050822226817e-06,1.12420520124413e-05,"ILDR2"
"ENSG00000143333",137.258520113677,1.9093433433248,0.190947924779178,9.88476317272529,4.84726586065014e-23,2.40321435908906e-21,"RGS16"
"ENSG00000143355",45.9051937531649,1.26879848194485,0.258278131509285,4.8835622603154,1.04186231840355e-06,8.7826203018719e-06,"LHX9"
"ENSG00000143375",94.3430558205405,1.02519221765606,0.216180960728841,4.70656824953473,2.51921669430706e-06,1.99139690247074e-05,"CGN"
"ENSG00000143494",111.561796479068,1.02242535444405,0.211192188493747,4.80659330185718,1.53523852077225e-06,1.25635703896793e-05,"VASH2"
"ENSG00000143590",395.621309961025,1.1562864336038,0.127431392846452,9.06278820169079,1.27157777091628e-19,4.89950983753879e-18,"EFNA3"
"ENSG00000143595",384.592951262209,1.16658898944818,0.121161613385814,9.61623251321554,6.82865707226131e-22,3.08026315472116e-20,"AQP10"
"ENSG00000143603",34.2135752446159,1.56396783470719,0.286705594923582,5.462994169826,4.68169982086055e-08,4.91175188696426e-07,"KCNN3"
"ENSG00000143674",141.356769271525,1.5414878284577,0.176864109173553,8.66057231039135,4.6940156366745e-18,1.5690783533953e-16,"MAP3K21"
"ENSG00000143816",36.8491772067487,1.73445740242078,0.268313556687161,6.25300011701361,4.02641836803014e-10,5.7194742051349e-09,"WNT9A"
"ENSG00000143842",74.0993202633456,1.20631730445491,0.227344170834356,5.28536399590564,1.25455050527059e-07,1.23784673313278e-06,"SOX13"
"ENSG00000143847",197.724668800715,1.25129911323324,0.200229816108151,6.23791191832363,4.43450215494263e-10,6.26105213529501e-09,"PPFIA4"
"ENSG00000143858",39.6180368523819,1.61137408119001,0.266514975943172,5.90477853762401,3.53120786500795e-09,4.42182363498447e-08,"SYT2"
"ENSG00000143878",320.9461028941,1.08115308814747,0.124588969513684,8.66645169813955,4.45795717571296e-18,1.49195097259344e-16,"RHOB"
"ENSG00000143995",1007.07738074982,1.55558281130261,0.110968985015882,14.0064490892222,1.42346331866748e-44,2.12096034481454e-42,"MEIS1"
"ENSG00000144488",72.8842522103328,1.82502474410251,0.240519631587681,7.49191642638977,6.78751398666046e-14,1.51499475533333e-12,"ESPNL"
"ENSG00000144648",171.418000242105,1.46142751528167,0.174050922766409,8.35659288394918,6.4555607559064e-17,1.95918925129415e-15,"ACKR2"
"ENSG00000144792",75.3162664232035,1.24109295278639,0.242161391192707,5.11022334819501,3.21778181182964e-07,2.9533585882363e-06,"ZNF660"
"ENSG00000144893",27.0415822258994,1.40627324190886,0.289879579508507,5.18566446044198,2.15246043016725e-07,2.03698383681909e-06,"MED12L"
"ENSG00000145113",178.189149363261,1.31148627009899,0.217433190652687,6.02496927068351,1.69141756950701e-09,2.20885729403405e-08,"MUC4"
"ENSG00000145194",15.135541662644,1.12593849190933,0.285433271982643,3.97157739376414,7.13982970693205e-05,0.000419552988778227,"ECE2"
"ENSG00000145335",329.967023912316,1.28522002481054,0.134506833995963,9.5355702433908,1.49064058629016e-21,6.58609212983595e-20,"SNCA"
"ENSG00000145491",26.5845270171296,1.11356736128396,0.278501526912575,3.96164598707198,7.4434848444005e-05,0.000435296236871287,"ROPN1L"
"ENSG00000145506",87.5471748488824,2.83197804375013,0.236983758875384,11.2037485558905,3.90838105143337e-29,2.85108255241541e-27,"NKD2"
"ENSG00000145730",461.534946978109,1.00896667526957,0.148564856439278,6.78672583409221,1.14706891694116e-11,1.99204553635188e-10,"PAM"
"ENSG00000145864",26.9095906482597,1.21630620410952,0.283294471787059,4.20470540798206,2.61422429673857e-05,0.000167842427229523,"GABRB2"
"ENSG00000145945",40.6149417124664,1.83678989590824,0.267150794333973,6.64127162646293,3.10988316824814e-11,5.15467735556017e-10,"FAM50B"
"ENSG00000145990",1532.99440226393,1.29567826951218,0.0722010530064419,17.9393500857795,5.81310246970675e-72,1.89344914397006e-69,"GFOD1"
"ENSG00000146047",14.0599885258355,1.58796107757203,0.286646482920358,4.58724614382105,4.49131039267516e-06,3.37293798175916e-05,"H2BC1"
"ENSG00000146054",615.426052838676,1.06568268193704,0.106325377485826,10.0180987563052,1.26920916661408e-23,6.53549396602823e-22,"TRIM7"
"ENSG00000146090",52.6025941135653,2.09416928734324,0.257488985046228,7.85806979836316,3.90097923413227e-15,1.00067976471166e-13,"RASGEF1C"
"ENSG00000146166",35.6441232202419,1.09462277677908,0.269729483845281,4.06196705153036,4.86609463857378e-05,0.00029690033092969,"LGSN"
"ENSG00000146215",51.9508241802229,1.78383007899,0.268223886721701,6.52189885067532,6.94228281648331e-11,1.10179731589422e-09,"CRIP3"
"ENSG00000146242",258.817341942214,1.84183872669932,0.142115730085327,12.8859354519692,5.40165405403538e-38,6.10125537748545e-36,"TPBG"
"ENSG00000146267",68.3977726698192,1.37641717922068,0.274848989017475,5.06206668518237,4.14735898051506e-07,3.73555690553659e-06,"FAXC"
"ENSG00000146386",637.18916164687,1.72463641266144,0.0991954316711723,17.3529428014678,1.87393796774565e-67,5.64438175833239e-65,"ABRACL"
"ENSG00000147036",309.60074019282,1.19678922506634,0.13592146172005,8.79100982822715,1.48221599914434e-18,5.2095150022624e-17,"LANCL3"
"ENSG00000147082",27.4763772249189,1.94394500486793,0.287980367665138,6.46025457205247,1.04526989622038e-10,1.63120336116575e-09,"CCNB3"
"ENSG00000147206",37.6151852046785,1.34752799895329,0.276566452052959,4.84143467202697,1.28905054798484e-06,1.06894268650537e-05,"NXF3"
"ENSG00000147246",48.0595094874743,1.08078995132873,0.255594881214275,4.20111854810508,2.6559945997019e-05,0.000170251077178145,"HTR2C"
"ENSG00000147443",424.84861169704,1.58353258878613,0.136285983158845,11.5954536492393,4.34556932638877e-31,3.47794537059435e-29,"DOK2"
"ENSG00000147465",10945.0440052864,1.00528584041279,0.0533341621172936,18.8483189429292,3.03329191238916e-79,1.18011907013674e-76,"STAR"
"ENSG00000147509",303.333993237164,1.93327705051808,0.139915014009152,13.7432104816424,5.59391492705834e-43,7.913977017008e-41,"RGS20"
"ENSG00000148288",2081.22975384497,1.49423322527128,0.0701191928529572,21.3015354212005,1.09860514213807e-100,7.15677377710969e-98,"GBGT1"
"ENSG00000148600",122.615177811654,2.75449120678011,0.206712487018558,12.8139323000932,1.37011319287433e-37,1.52300042693633e-35,"CDHR1"
"ENSG00000148680",14.0160994941408,1.07030731228228,0.289556050447874,3.65238905969247,0.000259811852108852,0.00134501009079157,"HTR7"
"ENSG00000149131",59.0895452228012,1.29162138689951,0.239500665147692,5.344779406158,9.05272340629839e-08,9.11520086474588e-07,"SERPING1"
"ENSG00000149260",131.908341273386,1.28739837195171,0.190567156243418,6.73352556082552,1.65600552969556e-11,2.81480745739272e-10,"CAPN5"
"ENSG00000149269",569.006662580476,1.66432068947094,0.115968974219969,14.3230738070046,1.57021577101288e-46,2.49914114645528e-44,"PAK1"
"ENSG00000149516",1476.56589984525,1.30552307482797,0.215654592016894,6.0544553076373,1.40893583516242e-09,1.86429431339488e-08,"MS4A3"
"ENSG00000149564",278.797649394176,2.85637243869653,0.151098249990876,18.5634010691172,6.35510269778731e-77,2.34235706276866e-74,"ESAM"
"ENSG00000149654",21.755691619903,1.18120185914365,0.284713654649873,4.09522949324183,4.2175040503679e-05,0.000260107273137176,"CDH22"
"ENSG00000149798",224.053348885533,1.46354771651619,0.170240260666964,8.56745665536373,1.05795663334117e-17,3.44198388073785e-16,"CDC42EP2"
"ENSG00000150054",116.150677938945,1.24152009529674,0.204083301022165,6.06609602607227,1.31056791118967e-09,1.74153834574217e-08,"MPP7"
"ENSG00000150627",88.924712761183,2.56302875137334,0.243772476017605,10.1192277743451,4.53983234611955e-24,2.40396566501892e-22,"WDR17"
"ENSG00000150637",225.881096004368,1.72131719681231,0.149695636665107,11.4570595123963,2.16749192910373e-30,1.69597161782273e-28,"CD226"
"ENSG00000151224",21.0007619201078,1.27367573243871,0.289167354370834,4.35003482252508,1.36115914820476e-05,9.26580560376953e-05,"MAT1A"
"ENSG00000151612",64.2032444512104,1.3275265142457,0.262859518692972,5.06325389103124,4.12160359713809e-07,3.71355290971477e-06,"ZNF827"
"ENSG00000151702",36.6203369400638,1.52108142682361,0.278148328241701,5.43214096884871,5.56819062853068e-08,5.76408558338512e-07,"FLI1"
"ENSG00000151834",56.7525383856038,1.4588253390846,0.256390033521042,5.6003017794474,2.13978962746317e-08,2.36355627147075e-07,"GABRA2"
"ENSG00000151962",17.1594712210192,1.62255779351122,0.289004914767999,4.97146120479761,6.64501625088445e-07,5.78075140434085e-06,"RBM46"
"ENSG00000152104",164.996049832901,1.31320087474946,0.225247066737506,5.82809683907495,5.6063044866993e-09,6.81022555426803e-08,"PTPN14"
"ENSG00000152137",56.1632547505688,1.51949779111361,0.241471627020905,6.19952857578208,5.66325347749691e-10,7.92007271151489e-09,"HSPB8"
"ENSG00000152402",22.7864690877585,1.79203676088375,0.287423768815983,6.11009625036506,9.95710708309024e-10,1.3422448681979e-08,"GUCY1A2"
"ENSG00000152495",20.160318648849,1.02087907992161,0.287565272998233,3.54641693470393,0.000390507831335185,0.00193540434737459,"CAMK4"
"ENSG00000152582",58.8494916336187,1.0682380156029,0.267429671922861,4.01515039576977,5.94078997725056e-05,0.000355888385035805,"SPEF2"
"ENSG00000152910",13.542331738631,1.09831161772888,0.284609364376101,3.92131110743551,8.80684709442164e-05,0.000507086127048179,"CNTNAP4"
"ENSG00000152990",192.138136478025,1.45713265791401,0.172809539754451,8.39819093434034,4.53409526373761e-17,1.39723956576257e-15,"ADGRA3"
"ENSG00000153162",40.3018634377871,1.93524220385194,0.268072034958601,6.91867150480243,4.55898631013457e-12,8.33048431307825e-11,"BMP6"
"ENSG00000153291",31.4939774901245,2.12849922051977,0.284469195077937,6.90949938963611,4.86366963489344e-12,8.85832989679031e-11,"SLC25A27"
"ENSG00000153395",4665.92744424971,1.12348547555874,0.0754529094108724,14.8886277274482,3.90706481976364e-50,7.1532483484457e-48,"LPCAT1"
"ENSG00000153551",114.441244972973,2.01525457724865,0.211757195334627,9.347182313388,9.00137049697862e-21,3.72997618877759e-19,"CMTM7"
"ENSG00000153779",21.220315850394,1.26903618693961,0.289427487090922,4.37266262792136,1.22740322540626e-05,8.43523531650639e-05,"TGIF2LX"
"ENSG00000154118",34.1315458019142,1.60404750392646,0.271293469005221,5.77043058667105,7.9069230677261e-09,9.36923557416005e-08,"JPH3"
"ENSG00000154127",147.955692505155,1.24080272750602,0.194706828895207,6.34540770629087,2.21837158903035e-10,3.29835588916762e-09,"UBASH3B"
"ENSG00000154134",217.472982612168,2.08517184365477,0.165597778641508,12.4632142461499,1.18496520976305e-35,1.18125428668621e-33,"ROBO3"
"ENSG00000154146",691.700595573543,1.27287844454017,0.097113206687435,13.0960728249215,3.46740036004871e-39,4.18658702093468e-37,"NRGN"
"ENSG00000154237",1390.75040933884,1.01798341002892,0.0994506122244759,10.2352469664933,1.37843037017726e-24,7.57109637831479e-23,"LRRK1"
"ENSG00000154319",77.3515603502957,1.70883137703759,0.226163949715214,7.43865147426015,1.01718294983441e-13,2.245337178153e-12,"FAM167A"
"ENSG00000154358",3539.46635645963,1.02103665439521,0.0723968251127518,14.1020478248142,3.68907081589694e-45,5.61620933124484e-43,"OBSCN"
"ENSG00000154380",406.786916588903,1.73968789199008,0.125929156587491,13.7784716093227,3.43466901005948e-43,4.95937877885495e-41,"ENAH"
"ENSG00000154415",22.7131739688687,1.99958342332655,0.289286734074989,5.74119485440786,9.40108395652146e-09,1.0997919983406e-07,"PPP1R3A"
"ENSG00000154451",399.698927756643,2.99200378257138,0.157331041243656,18.7612935299235,1.56543138365615e-78,5.92579242148324e-76,"GBP5"
"ENSG00000154545",26.5686449759589,1.01484033551398,0.288978967323613,3.5204814688382,0.000430764091817172,0.00211545647615404,"MAGED4"
"ENSG00000154639",98.5185585846627,1.52593521875218,0.208033737866924,7.27731231316962,3.40536282841096e-13,7.10283123972061e-12,"CXADR"
"ENSG00000154678",85.8015499454157,1.13972047279407,0.25903535502282,4.41506381979737,1.00980194741153e-05,7.04873465011011e-05,"PDE1C"
"ENSG00000154822",41.5377144514904,1.48352228239135,0.263753707265618,5.51178065947714,3.5522143063083e-08,3.80078789718518e-07,"PLCL2"
"ENSG00000154914",30.2782617856703,1.17780777166551,0.28194022650121,4.13250329430022,3.58833622284979e-05,0.000223917296222919,"USP43"
"ENSG00000154930",229.89017654164,2.35139407101596,0.159310592762156,14.5711941668676,4.28337453273778e-48,7.2718719643061e-46,"ACSS1"
"ENSG00000155093",34.5788793380423,1.06204838436918,0.268727108075286,3.93183380376353,8.4300339278836e-05,0.000487393416693241,"PTPRN2"
"ENSG00000155265",44.1136094952299,1.40745022837489,0.258993920902606,5.35372482872629,8.61618589425067e-08,8.69440199098522e-07,"GOLGA7B"
"ENSG00000155367",545.231389964188,1.18395304859217,0.112512673817799,10.5139572395773,7.45003540130131e-26,4.47833458500541e-24,"PPM1J"
"ENSG00000155495",2560.20995220645,1.11515143428189,0.0647088650349172,17.2306745356569,1.56317784541582e-66,4.56122268810292e-64,"MAGEC1"
"ENSG00000155629",304.293972269843,1.71136240186378,0.142964152455229,11.9266202838962,8.59944299148231e-33,7.50428651331472e-31,"PIK3AP1"
"ENSG00000155966",26.4333665928861,1.01778216424115,0.286926450169103,3.56069694750043,0.000369871769781816,0.00184638090417909,"AFF2"
"ENSG00000156453",745.177837684765,1.73049436633344,0.0916461594898478,18.8488700664107,3.00185817717435e-79,1.18011907013674e-76,"PCDH1"
"ENSG00000156463",47.6283615996184,1.36619481194695,0.267736642540013,5.0902845268737,3.57526635433307e-07,3.25269116978168e-06,"SH3RF2"
"ENSG00000157150",40.2694703222635,1.69560347332483,0.263334411606923,6.25899159167634,3.87474760714179e-10,5.52363511304101e-09,"TIMP4"
"ENSG00000157570",289.588485551859,1.84949935644017,0.147195531487065,12.4946943473652,7.98024021142949e-36,8.04109671951665e-34,"TSPAN18"
"ENSG00000158163",82.8369156554228,1.10984356087995,0.259614275772684,4.27863273327728,1.88044841384295e-05,0.000124556918819032,"DZIP1L"
"ENSG00000158164",42.321888490705,1.78889157416717,0.268895120876545,6.45864444290866,1.0564499848576e-10,1.64681563582811e-09,"TMSB15A"
"ENSG00000158186",815.752400992388,1.15585870380816,0.105473173581331,10.9525524444966,6.46011395285478e-28,4.35001711652327e-26,"MRAS"
"ENSG00000158292",202.407625742495,1.27192074630324,0.154630698665293,8.20167836667974,2.37053832635999e-16,6.88119374072499e-15,"GPR153"
"ENSG00000158427",33.8533652164532,1.46852102536255,0.272226193867461,5.29346942754184,1.20017314036293e-07,1.18670137690951e-06,"TMSB15B"
"ENSG00000158457",136.908814669932,2.5592152527206,0.194165470584495,12.8038575862684,1.56004792531156e-37,1.72047490093809e-35,"TSPAN33"
"ENSG00000158458",14.0382023685516,1.13277647829852,0.283715671258883,4.19605460807679,2.71604787525866e-05,0.000173623763308411,"NRG2"
"ENSG00000158473",19.3214112725974,1.44029682919723,0.289878613208003,4.84171884030818,1.28720809493854e-06,1.06773091961559e-05,"CD1D"
"ENSG00000158560",88.7761683918879,1.23633328253844,0.213055170298941,5.76022089059359,8.4003930001305e-09,9.90786563030128e-08,"DYNC1I1"
"ENSG00000158715",617.801260441971,1.53345183673197,0.106287723943438,14.4061709040565,4.73229183971635e-47,7.61844592035255e-45,"SLC45A3"
"ENSG00000158747",456.670711969318,1.40823149896971,0.114195277253644,12.3109475343408,7.90891635185223e-35,7.48461367730015e-33,"NBL1"
"ENSG00000158815",18.2261194068599,1.05618742671259,0.288762656555982,3.62537223898383,0.000288545523469139,0.00147785947215321,"FGF17"
"ENSG00000159164",168.047915173907,1.26835827919189,0.162820460934674,7.75593498711264,8.76949443015439e-15,2.16051959522854e-13,"SV2A"
"ENSG00000159167",58.4649216690981,1.10057548656742,0.245635155609172,4.45267954196391,8.48052757233294e-06,6.00041774074742e-05,"STC1"
"ENSG00000159184",42.263729299648,1.02074549190946,0.257980060496668,3.9305456341093,8.475330490388e-05,0.000489810104594076,"HOXB13"
"ENSG00000159387",21.5952285313844,1.23945530434842,0.285609793504251,4.25844548995228,2.05853400929412e-05,0.000135202003911716,"IRX6"
"ENSG00000159388",2161.49120855074,1.9588353691769,0.0754084944581476,25.9575310939463,1.49503813239963e-148,1.99423848403708e-145,"BTG2"
"ENSG00000159450",12.5253966872794,1.16758175978526,0.287066697095197,3.98145759553704,6.84939418324929e-05,0.000403841780385559,"TCHH"
"ENSG00000159640",185.504587582418,1.06686835154797,0.187006862185802,5.69118096340291,1.26163708322028e-08,1.44484783218179e-07,"ACE"
"ENSG00000159713",32.889385843713,1.3806648414222,0.273870556798063,4.94848644485757,7.47927979297397e-07,6.44644878648575e-06,"TPPP3"
"ENSG00000159753",177.062767861768,1.19537395293273,0.15853545303352,7.51861065569238,5.53613786814877e-14,1.24661008008508e-12,"CARMIL2"
"ENSG00000159842",302.638546076607,1.24491091471126,0.139660109204613,8.89525321367157,5.82862453706556e-19,2.13426706578144e-17,"ABR"
"ENSG00000160094",158.281295232934,1.01117368080485,0.197360442529804,5.1173765765407,3.09814666546653e-07,2.85477909187659e-06,"ZNF362"
"ENSG00000160097",107.315660151307,1.27039714233014,0.22070103900723,5.7365455063409,9.66270963724394e-09,1.12873987639065e-07,"FNDC5"
"ENSG00000160190",301.986532639683,1.67050814594614,0.134758769869902,12.3522063180218,4.73935830308754e-35,4.54653783514001e-33,"SLC37A1"
"ENSG00000160233",17.3466586773102,1.08873193731235,0.289850265721904,3.71471875096607,0.000203429825427819,0.00107477862502528,"LRRC3"
"ENSG00000160255",140.719296591224,1.69685284759537,0.187467413904234,8.96244241539254,3.17564835434576e-19,1.18608348935911e-17,"ITGB2"
"ENSG00000160325",135.051676309913,1.46740922297298,0.1841960349987,7.93027252612772,2.18665493332817e-15,5.75141577393321e-14,"CACFD1"
"ENSG00000160678",639.18356877424,1.44682612683862,0.101528039761443,14.2360304301792,5.47499186236184e-46,8.52030400269332e-44,"S100A1"
"ENSG00000160999",47.4967187932785,1.20120412046861,0.256572224483389,4.63756165314621,3.52543468477425e-06,2.71228993106005e-05,"SH2B2"
"ENSG00000161180",734.168056563425,1.09753540980669,0.113192922440766,9.690919679838,3.29547656346117e-22,1.53089368981218e-20,"CCDC116"
"ENSG00000161681",137.52384279617,1.48959715695313,0.199225286930987,7.4334776259664,1.05779091281372e-13,2.3276385742135e-12,"SHANK1"
"ENSG00000161912",97.7197929310737,1.0934681762017,0.204672498155562,5.32486152974194,1.01029972263344e-07,1.01109381316212e-06,"ADCY10P1"
"ENSG00000161958",659.591452277271,1.20866038753587,0.0962680040334222,12.54478491735,4.24565531230908e-36,4.38853493019933e-34,"FGF11"
"ENSG00000161992",27.1440619265716,1.05077035521955,0.282039038365055,3.69474652199907,0.000220106253198522,0.00115655906295198,"PRR35"
"ENSG00000162069",24.0071852855812,1.15086629209847,0.288177523997112,3.98465966569505,6.75769073699668e-05,0.000399191128057256,"BICDL2"
"ENSG00000162104",213.537655619149,1.18933583542344,0.279169325848404,4.29145361634865,1.77507284192083e-05,0.000117967592996171,"ADCY9"
"ENSG00000162383",62.6761864615455,1.78932594735544,0.239566447622416,7.31399292862639,2.59318796233443e-13,5.49058058963809e-12,"SLC1A7"
"ENSG00000162545",425.838223954952,1.39365356304429,0.118691893662715,11.7212875516254,9.91534293518046e-32,8.19317363717625e-30,"CAMK2N1"
"ENSG00000162551",66.1061981615909,1.31667310473701,0.234917306323614,5.56302605149884,2.65136290636277e-08,2.88203250807272e-07,"ALPL"
"ENSG00000162595",681.574140857697,1.29883446674573,0.118451630133645,10.9561042705558,6.21160949796775e-28,4.21306550259255e-26,"DIRAS3"
"ENSG00000162654",329.831273067367,1.12739070820541,0.140513702686143,8.01277591926472,1.12147863915074e-15,3.07687165914697e-14,"GBP4"
"ENSG00000162670",436.346539446222,2.96734695963768,0.140956281206676,20.8616817749648,1.19398395373773e-96,6.82568949226556e-94,"BRINP3"
"ENSG00000162782",79.753524673027,1.88681164134059,0.232409743657287,7.98247107068226,1.43432431141115e-15,3.8782135725144e-14,"TDRD5"
"ENSG00000162873",12.94820356868,1.07353004632568,0.286978091644191,3.78721676024891,0.000152344191676867,0.000829076768116541,"KLHDC8A"
"ENSG00000162878",360.8997460832,2.11537720148051,0.134044202839712,15.6973148021835,1.57780576097368e-55,3.39980730587652e-53,"PKDCC"
"ENSG00000162951",69.5592678283209,2.03795142773666,0.250847463543412,7.93796577522912,2.05524027334066e-15,5.41761566939168e-14,"LRRTM1"
"ENSG00000163064",297.467566804604,1.13595379128255,0.139624856720376,8.12381680864143,4.51747450499759e-16,1.27307339873232e-14,"EN1"
"ENSG00000163154",32.6673398468813,1.30263507894197,0.269712529739452,4.75182737413805,2.01586445820873e-06,1.61661595199951e-05,"TNFAIP8L2"
"ENSG00000163218",12.4120916935947,1.23263186011123,0.285810216921269,4.19083583009835,2.77928710302895e-05,0.000177342574783706,"PGLYRP4"
"ENSG00000163497",619.279248175696,1.92108070622536,0.110957667524523,17.2716695852102,7.68855310563782e-67,2.26707104836975e-64,"FEV"
"ENSG00000163499",51.6361982178441,1.72050909724374,0.257370468045116,6.50737202513829,7.64768531022676e-11,1.20895576134352e-09,"CRYBA2"
"ENSG00000163590",106.447367475075,1.57014978530962,0.198959015417817,7.81087040974396,5.67943871538651e-15,1.43068738575006e-13,"PPM1L"
"ENSG00000163888",54.6034175373107,1.25967195843978,0.240507998602414,5.18729788818688,2.13367288029547e-07,2.02085015181883e-06,"CAMK2N2"
"ENSG00000163909",148.744929204602,2.93740084979844,0.204453302049789,13.7726089454773,3.72513516978958e-43,5.35120442954594e-41,"HEYL"
"ENSG00000164061",1061.8725479635,1.26060792117529,0.0895723221291986,14.0664366720843,6.10699163425828e-45,9.24697565723476e-43,"BSN"
"ENSG00000164093",54.5640124847577,2.20845872408129,0.252766126186585,8.37906198019354,5.33511758572194e-17,1.63152089313584e-15,"PITX2"
"ENSG00000164136",713.897495741528,1.6793710679732,0.1083981345001,15.4698084356494,5.54718756219681e-54,1.13421764957852e-51,"IL15"
"ENSG00000164175",15.3968211145005,1.18961221849772,0.289790544726284,4.01866501309597,5.8528812751333e-05,0.000351147805266725,"SLC45A2"
"ENSG00000164236",1283.92292459464,1.39488171330041,0.082761718016603,16.8448031551726,1.14549505900481e-63,3.02713279177763e-61,"ANKRD33B"
"ENSG00000164398",203.430378796417,1.11674502990993,0.155168447019919,7.18203306701925,6.86823034801569e-13,1.38611576735314e-11,"ACSL6"
"ENSG00000164508",19.2057013453434,1.93448326966352,0.289868838834768,5.43413457011312,5.50630154628377e-08,5.7042351669564e-07,"H2AC1"
"ENSG00000164542",151.448138709029,1.1260673601142,0.174775753653488,6.42544933055007,1.31480556796307e-10,2.01810046957708e-09,"KIAA0895"
"ENSG00000164683",824.034388895788,1.12690394315688,0.0927454588160805,12.14434950231,6.14695179256999e-34,5.57244057001523e-32,"HEY1"
"ENSG00000164742",48.9051246907482,1.04275458486497,0.264037458280061,3.95172084803389,7.7591219855727e-05,0.000451991153922158,"ADCY1"
"ENSG00000164756",62.8039316889224,1.65701499352486,0.240653256567776,6.76931757470707,1.29391246657488e-11,2.22635602049726e-10,"SLC30A8"
"ENSG00000164778",21.4388504828983,1.70141906541188,0.288084915451922,5.56116134746845,2.67985289960476e-08,2.91187119564502e-07,"EN2"
"ENSG00000164841",15.7384622939038,1.44999456249338,0.288378351593726,4.79178867188241,1.65300966733429e-06,1.34644102359314e-05,"TMEM74"
"ENSG00000165125",73.1805496750857,1.3122838676046,0.2337969645778,5.57942473890343,2.41315328799856e-08,2.63948652492837e-07,"TRPV6"
"ENSG00000165192",15.5292054183565,1.33194750935131,0.288479862024139,4.59169174119762,4.39667444575214e-06,3.30807533103435e-05,"ASB11"
"ENSG00000165238",430.030617364227,2.03024135210759,0.152869851084883,13.2337861006195,5.59941055817503e-40,7.0336631639282e-38,"WNK2"
"ENSG00000165272",1615.86616882439,1.48504028010753,0.0858958558596603,17.2806367329494,6.58174013697561e-67,1.96135856081873e-64,"AQP3"
"ENSG00000165511",50.3142479345486,1.22291058780281,0.249449244389212,4.85616390617697,1.19681647223351e-06,9.98666160864018e-06,"ZNF22-AS1"
"ENSG00000165521",116.557052683451,1.02772510258653,0.219886886775206,4.66720293306752,3.05327732962291e-06,2.3797552742737e-05,"EML5"
"ENSG00000165548",19.0110440564655,1.28929813690558,0.289862145541509,4.47161916353226,7.76295828358705e-06,5.53745829997047e-05,"TMEM63C"
"ENSG00000165646",196.27261642777,1.44754472315515,0.154900777141602,9.30655750134346,1.32042669789695e-20,5.41548940870999e-19,"SLC18A2"
"ENSG00000165655",65.8803224107738,2.31627702725666,0.245055951612279,9.03194075659615,1.68653726193003e-19,6.45400024333113e-18,"ZNF503"
"ENSG00000165682",17.3230325357993,1.2841701600811,0.28987953560028,4.40484965587506,1.05857268365338e-05,7.35982576681524e-05,"CLEC1B"
"ENSG00000165702",5549.35981401176,1.25275652747233,0.0645118799544706,19.4172764641549,5.51375381027317e-84,2.49114954408665e-81,"GFI1B"
"ENSG00000165730",71.8757754235906,1.55680787186438,0.236078976555585,6.52254294677688,6.91252608649672e-11,1.09831923275636e-09,"STOX1"
"ENSG00000165795",2636.51652425086,1.05636045328716,0.0817891110307684,12.9138920273423,3.75814658969679e-38,4.31447550289289e-36,"NDRG2"
"ENSG00000165905",884.902023051811,1.04348127062349,0.084264483887225,12.3780478199819,3.43598935384328e-35,3.3304129335591e-33,"LARGE2"
"ENSG00000165929",618.258553957073,1.08882216544948,0.108458374406453,10.0327108885444,1.0946904271865e-23,5.66810873315124e-22,"TC2N"
"ENSG00000165949",66.4243944753666,1.0944474252857,0.232360666633533,4.68691626370475,2.77352378049008e-06,2.17563562416937e-05,"IFI27"
"ENSG00000166086",351.992905239378,1.92701800085732,0.133690004148172,14.3515965901415,1.04112497544995e-46,1.6665138749888e-44,"JAM3"
"ENSG00000166104",152.616985500093,1.30371684768169,0.186798392078355,6.94971597948527,3.66022358242562e-12,6.77661487051595e-11,NA
"ENSG00000166148",19.0073641433258,1.86321995643407,0.289879564713919,5.69765496270893,1.21466561530466e-08,1.39447595147189e-07,"AVPR1A"
"ENSG00000166313",238.159534699321,1.61178367711503,0.163879401235307,9.79309055564803,1.20553570706503e-22,5.76270754715112e-21,"APBB1"
"ENSG00000166317",267.213727131463,3.24757692476883,0.178261218815333,17.5833384972032,3.30528681608477e-69,1.0403111718221e-66,"SYNPO2L"
"ENSG00000166405",21.1784745702203,1.03171914682533,0.286277751079094,3.57844607686852,0.000345643160881202,0.00173733289477915,"RIC3"
"ENSG00000166450",155.318900988151,2.81324588590889,0.207434718643013,13.0757445368393,4.53105621584405e-39,5.4473796874774e-37,"PRTG"
"ENSG00000166510",461.604836501844,1.54633946694843,0.14094179108751,10.9536047949927,6.38547538674054e-28,4.31011895261147e-26,"CCDC68"
"ENSG00000166689",173.524738817698,2.08080304368396,0.205605688451324,10.0294060401601,1.13195468986476e-23,5.8502425779505e-22,"PLEKHA7"
"ENSG00000166741",503.388485836081,1.75719888608508,0.134840294665637,13.0014013528817,1.20121749630698e-38,1.41212695056908e-36,"NNMT"
"ENSG00000166825",746.864889751154,1.01994191315514,0.0929112307816492,10.9727101492633,5.16991427196253e-28,3.54082245932065e-26,"ANPEP"
"ENSG00000166831",486.259504954492,1.31358748665792,0.116620718530928,11.2496615317814,2.32482468271777e-29,1.73199438862474e-27,"RBPMS2"
"ENSG00000166961",11.6751512178575,1.344131839083,0.283831953256207,4.31733286369609,1.57925908716303e-05,0.000105757125387547,"MS4A15"
"ENSG00000167034",37.8382497265765,1.68690562016833,0.269965107851016,6.07068349853706,1.27366988880123e-09,1.6981456889624e-08,"NKX3-1"
"ENSG00000167100",36.5436798786989,1.52478494184173,0.270253944330308,5.55264792635717,2.81374428614683e-08,3.05261831694597e-07,"SAMD14"
"ENSG00000167105",88.6754237944335,1.85527097727404,0.220209421263488,8.31942373784563,8.83920075980076e-17,2.65100312295009e-15,"TMEM92"
"ENSG00000167191",541.394832352056,1.09873422265508,0.117031450374593,9.38164111320059,6.49537375723162e-21,2.71160074050033e-19,"GPRC5B"
"ENSG00000167291",171.278879382314,1.86234000760549,0.184733938052676,9.99953083347569,1.53120766440971e-23,7.84135084011786e-22,"TBC1D16"
"ENSG00000167306",139.819711117239,1.11389393767306,0.192548562981728,5.77409535623283,7.73676154454288e-09,9.19483090308592e-08,"MYO5B"
"ENSG00000167311",27.7455165361193,1.09837790607793,0.276833161349088,3.91609983082168,8.99929951117862e-05,0.000516574544891671,"ART5"
"ENSG00000167535",280.845928398836,1.25662053299441,0.139339066948684,9.00058318138262,2.24521827788509e-19,8.53365731344874e-18,"CACNB3"
"ENSG00000167549",550.305670509303,1.14006289974309,0.12638559611336,9.01337325373965,1.99813820639374e-19,7.62559229393753e-18,"CORO6"
"ENSG00000167600",290.406938056689,1.20905640241985,0.13444708351924,8.97850342495447,2.74474588717658e-19,1.03480244672396e-17,"CYP2S1"
"ENSG00000167617",31.7479595258049,1.33170336896713,0.278780557564264,4.71518270510834,2.4149395167083e-06,1.91635370374031e-05,"CDC42EP5"
"ENSG00000167619",426.66521851867,2.32563802766054,0.137045686020113,16.8635223128048,8.34634154202376e-64,2.22664494547781e-61,"TMEM145"
"ENSG00000167676",73.4871809398477,1.91086755840325,0.22985193828079,8.1326453015037,4.20022272590589e-16,1.1896525682313e-14,"PLIN4"
"ENSG00000167680",742.443883646692,1.25359679308971,0.0946775188796673,13.2301912987126,5.8737681989087e-40,7.345356910171e-38,"SEMA6B"
"ENSG00000167751",56.4153902371692,1.16965575998328,0.250898622083079,4.61417372266561,3.94662223805663e-06,2.99357655381647e-05,"KLK2"
"ENSG00000167771",891.495287094363,1.58689827907873,0.0943941599577448,16.793458894091,2.72490696117962e-63,7.13365362584705e-61,"RCOR2"
"ENSG00000167800",57.9590849727696,1.01426463494315,0.234786237614562,4.29572829606094,1.74120740563781e-05,0.000115909462563513,"TBX10"
"ENSG00000167861",90.4768874921316,1.063983706191,0.22430019395814,4.72249038521766,2.32974106837725e-06,1.85399735248249e-05,"HID1"
"ENSG00000167964",306.420283938615,1.13524556311275,0.13760255606322,8.23782373554412,1.75371293011366e-16,5.12252414998372e-15,"RAB26"
"ENSG00000168135",79.2020376615542,1.23864722890116,0.246175355824155,5.00677385801843,5.53498913418288e-07,4.89104465699467e-06,"KCNJ4"
"ENSG00000168234",54.6880282949776,1.16720406075709,0.236904162872692,4.89662265562035,9.74978014789577e-07,8.26606663144238e-06,"TTC39C"
"ENSG00000168243",100.553942281049,1.1868687517095,0.196305729987585,6.02731038864886,1.66710653107019e-09,2.18117646652677e-08,"GNG4"
"ENSG00000168314",47.3797929840616,1.26810433694775,0.272260384232946,4.65549510864263,3.2320308031375e-06,2.50721813507304e-05,"MOBP"
"ENSG00000168334",35.3577058421205,2.21823593195273,0.276659445739972,7.40795180355368,1.28264897493922e-13,2.79572900102911e-12,"XIRP1"
"ENSG00000168386",651.677076550595,1.36050007737646,0.120896369831968,11.2421861409044,2.53037347022569e-29,1.88012789517141e-27,"FILIP1L"
"ENSG00000168389",34.3144966149883,1.6557980726533,0.275820983470483,5.82592541212421,5.67969804439979e-09,6.89340128335039e-08,"MFSD2A"
"ENSG00000168394",801.560689713632,1.7061920100289,0.0888980966620022,19.1650039272305,7.25512634624133e-82,3.07925150319564e-79,"TAP1"
"ENSG00000168427",41.7401543495366,1.823822706978,0.266998658036418,6.60757491969407,3.90666494503318e-11,6.3772434988502e-10,"KLHL30"
"ENSG00000168505",90.556246319236,1.18266398479482,0.212522281517692,5.54051685681942,3.01580206126471e-08,3.25920707330815e-07,"GBX2"
"ENSG00000168528",298.097058847128,1.24515901180194,0.148381575388418,8.37696875249678,5.43082582102399e-17,1.6589781123067e-15,"SERINC2"
"ENSG00000168772",29.1938367215124,1.55095471484952,0.28140223009457,5.40213388007161,6.58527695832102e-08,6.75950084853383e-07,"CXXC4"
"ENSG00000168785",594.740268020964,1.21031258502239,0.108413540143209,11.1548632968999,6.77969427588051e-29,4.88207701943355e-27,"TSPAN5"
"ENSG00000168913",10.1892884293432,1.04336597916824,0.281128655280692,3.66298551646812,0.000249292639372874,0.00129774863670562,"ENHO"
"ENSG00000168938",532.555202907497,1.2379854415799,0.110975560655758,11.1444862600521,7.61826682992101e-29,5.47186898563455e-27,"PPIC"
"ENSG00000168952",249.403496659039,2.00713450168685,0.171909823173207,11.6008966438714,4.07783173341666e-31,3.27301497181856e-29,"STXBP6"
"ENSG00000168993",247.265303865531,1.03895672204598,0.155755628810698,6.66068079420879,2.72562046023501e-11,4.53116203751353e-10,"CPLX1"
"ENSG00000169059",1771.96831382738,3.47188269455971,0.08772713321017,39.3667353620788,0,0,"VCX3A"
"ENSG00000169213",553.243239415463,1.69715983896488,0.111448978095376,15.1964850801111,3.73110926887507e-52,7.25804394720337e-50,"RAB3B"
"ENSG00000169247",142.765647101585,2.30430216384277,0.216056126331242,10.5238999208785,6.70399469798795e-26,4.05598918963366e-24,"SH3TC2"
"ENSG00000169330",76.0070119561374,1.084887363779,0.216377838099149,4.98935618861891,6.05808544140634e-07,5.30475427898326e-06,"MINAR1"
"ENSG00000169427",54.3381468642089,1.00479426929236,0.272267063699731,4.3240687158391,1.53177549690476e-05,0.000102946485650902,"KCNK9"
"ENSG00000169429",343.173043100805,1.25351439044328,0.171650543435835,7.29445056638468,2.99880303756e-13,6.31623791681355e-12,"CXCL8"
"ENSG00000169439",133.768703020902,1.89621812804224,0.197440430828795,9.52919155152278,1.58512814768401e-21,6.98154240140324e-20,"SDC2"
"ENSG00000169604",298.829287670293,1.39447379705005,0.128900738970375,10.7900924731113,3.83403565248704e-27,2.50932258638942e-25,"ANTXR1"
"ENSG00000169760",33.8542186208117,2.11988682945488,0.281986228970125,7.32878080046913,2.32255901884159e-13,4.95125747608757e-12,"NLGN1"
"ENSG00000169855",115.37529526238,1.680734810522,0.211546020903585,7.89252678089533,2.96128756136995e-15,7.64530757318848e-14,"ROBO1"
"ENSG00000169884",263.995369353998,1.70639402027876,0.143587559616115,11.8277954765293,2.80409743582912e-32,2.37306276049684e-30,"WNT10B"
"ENSG00000169894",616.559694045015,3.61307055112698,0.121367218150757,29.2839028573157,1.66283194644908e-188,5.82240606049144e-185,"MUC3A"
"ENSG00000169926",1365.78155202021,1.38351109994947,0.0792131124063959,17.457276293754,3.03052482718084e-68,9.43234016210997e-66,"KLF13"
"ENSG00000170074",113.367696012939,1.17827122349642,0.206720029901303,5.67156231923042,1.41501108956298e-08,1.60345026864233e-07,"FAM153A"
"ENSG00000170166",18.1633205762771,1.98109505275546,0.289535990897343,5.19708974354772,2.02432649988991e-07,1.92548162699206e-06,"HOXD4"
"ENSG00000170276",30.4981190999278,1.53746758212209,0.276125464531668,5.42161036305563,5.90645134703868e-08,6.09847088585505e-07,"HSPB2"
"ENSG00000170293",29.6598041308316,1.44478352281398,0.278234846396049,5.08358624435686,3.70374287231109e-07,3.36302253935748e-06,"CMTM8"
"ENSG00000170365",85.6666019174046,2.4249775547178,0.260212058125467,9.13349317757748,6.632393047979e-20,2.61303226526002e-18,"SMAD1"
"ENSG00000170374",48.3459035896253,2.53888770963513,0.266543520223163,8.60558342516658,7.59295513605199e-18,2.48474134662486e-16,"SP7"
"ENSG00000170412",502.076521488293,1.2065041851206,0.127867163244261,9.42773888964911,4.19024145265057e-21,1.78384564698553e-19,"GPRC5C"
"ENSG00000170439",86.4479742238611,1.90508736131264,0.216423560142542,8.63993819649936,5.62434381672774e-18,1.86448661531571e-16,"METTL7B"
"ENSG00000170516",54.0254441353216,2.13273608552652,0.263026977258197,7.78755575712631,6.83178955027732e-15,1.70411477188218e-13,"COX7B2"
"ENSG00000170681",81.9971442321253,1.49103403158515,0.214952818359834,6.86721834351897,6.54658332083848e-12,1.1770403850021e-10,"CAVIN4"
"ENSG00000170745",112.380600720122,2.57394628520118,0.218202560212228,11.4535848046786,2.25618080203311e-30,1.76044948820478e-28,"KCNS3"
"ENSG00000170775",27.0063364449366,1.37437999593774,0.279240710272564,4.81628020935863,1.46259100382532e-06,1.20182162508521e-05,"GPR37"
"ENSG00000171105",203.796877502345,1.01962864969028,0.177759771731475,5.72643598425985,1.02562438091325e-08,1.19309759792948e-07,"INSR"
"ENSG00000171116",13.9705851104442,1.1718179784525,0.288474865747606,3.99649651323665,6.42868281318269e-05,0.00038144516619969,"HSFX1"
"ENSG00000171234",68.310330683351,1.11034264996854,0.229319961248827,4.81547482791191,1.46850275681104e-06,1.20632549043375e-05,"UGT2B7"
"ENSG00000171298",554.177183045578,1.37388785534197,0.10303338661273,13.3158084937492,1.87333466020643e-40,2.44073723263733e-38,"GAA"
"ENSG00000171388",17.9490033473504,1.40659855005623,0.289664701535177,4.70128591854559,2.58528216545416e-06,2.03824722822128e-05,"APLN"
"ENSG00000171462",77.6606573947354,1.42377172470317,0.223451779657132,6.31946566855479,2.62469248678134e-10,3.85138218647034e-09,"DLK2"
"ENSG00000171483",237.701771188985,1.17877507655634,0.15878718817198,7.4161992606017,1.20529122279391e-13,2.63564541240461e-12,"SSX6P"
"ENSG00000171502",43.360634983876,1.42866153499133,0.265485112104676,5.34589913549391,8.99693021381914e-08,9.06228008448406e-07,"COL24A1"
"ENSG00000171540",75.0289242158216,1.45558921001964,0.22444340396319,6.42563582189974,1.31319451091883e-10,2.01673271051855e-09,"OTP"
"ENSG00000171680",73.3153142314402,1.8589308585269,0.229041228243485,7.98695072336132,1.3831734682748e-15,3.75077010583868e-14,"PLEKHG5"
"ENSG00000171714",173.350938385346,1.19231857337742,0.186619820924418,6.3772975370327,1.80240087472279e-10,2.71445447864165e-09,"ANO5"
"ENSG00000171729",148.863696054729,1.72845723211627,0.175581857987543,9.76039686659979,1.66502363481375e-22,7.91861495049281e-21,"TMEM51"
"ENSG00000171914",305.439433543852,1.41854201659864,0.161978430028115,8.74389626482212,2.25206239794447e-18,7.74997197680841e-17,"TLN2"
"ENSG00000172116",16.2475404399593,1.66039426364811,0.288065282167325,4.99793087049991,5.79487505220918e-07,5.09497928319157e-06,"CD8B"
"ENSG00000172175",273.830804014544,1.02438423904784,0.160902674321594,6.35979377930431,2.02024792269436e-10,3.02141937055602e-09,"MALT1"
"ENSG00000172350",37.3487741821541,2.18628147415619,0.27731729684667,7.39940896725684,1.36791959277963e-13,2.97501270442104e-12,"ABCG4"
"ENSG00000172733",43.8161244197408,1.03321484506549,0.268802375037862,3.82685749587929,0.000129789601508512,0.000718085387607436,"PURG"
"ENSG00000172828",414.884567961215,1.15004201045737,0.116502757406058,9.85950103285529,6.23585013161607e-23,3.04849273799004e-21,"CES3"
"ENSG00000172969",34.4054953357792,1.88009922067254,0.276370522815261,6.50090044692808,7.98406571082379e-11,1.25928856245268e-09,"FRG2C"
"ENSG00000172987",17.3887812476181,1.0402765349299,0.289765689967159,3.62771611136598,0.000285939410554531,0.00146537408863036,"HPSE2"
"ENSG00000173083",145.845678780332,1.51622567849585,0.174282825864378,8.65627722099206,4.87422329355312e-18,1.62737476637676e-16,"HPSE"
"ENSG00000173157",63.8306961171596,1.54988676783089,0.232848413013331,6.55493587968249,5.56657899546327e-11,8.92564458047608e-10,"ADAMTS20"
"ENSG00000173210",123.456864765756,1.03585200948219,0.19190477734879,5.38043161187819,7.43074642454613e-08,7.57460221413341e-07,"ABLIM3"
"ENSG00000173253",15.0106109625676,1.82058012644904,0.287533692650387,5.66173837811777,1.49847161595253e-08,1.69323061339501e-07,"DMRT2"
"ENSG00000173334",795.848252830614,1.22186984035762,0.115929405782413,10.5334828310137,6.05517709305808e-26,3.67934101368206e-24,"TRIB1"
"ENSG00000173546",202.549475864175,1.76888773516874,0.159273253395767,11.0342056417485,2.61350703305662e-28,1.81211779727678e-26,"CSPG4"
"ENSG00000174175",7.27141097811121,1.07448072120791,0.264354354743351,4.46651473601519,7.95041883023108e-06,5.65246528610236e-05,"SELP"
"ENSG00000174233",1144.33832544465,2.03405890775448,0.0975448958421645,20.8190441575059,2.90930901496531e-96,1.62991128254417e-93,"ADCY6"
"ENSG00000174370",19.3714605876257,2.10257822047431,0.289629149606692,5.44232629284519,5.25892333318064e-08,5.46210457578999e-07,"KCNJ5-AS1"
"ENSG00000174502",12.9892713173569,1.10203593078498,0.286036334837055,3.92797365569143,8.56645919364105e-05,0.000494417888249926,"SLC26A9"
"ENSG00000174705",174.44070505468,1.96249589377771,0.175236040728431,11.098470309526,1.27609218290764e-28,8.98138045919819e-27,"SH3PXD2B"
"ENSG00000174938",446.616373072703,1.89530538728076,0.114763020491975,16.4563423730828,7.55286594293338e-61,1.85588491924079e-58,"SEZ6L2"
"ENSG00000174939",71.5475439059484,1.64604574628713,0.224600621114431,7.24226328014701,4.41258185768038e-13,9.1288953469234e-12,"ASPHD1"
"ENSG00000174950",39.4436340549131,1.21229275184734,0.268452811349444,4.47392234863177,7.6797641131356e-06,5.48295737692292e-05,"CD164L2"
"ENSG00000175147",28.7056300830636,1.15762662616365,0.277300054311762,4.14066229933028,3.46304479937806e-05,0.000216629769808348,"TMEM51-AS1"
"ENSG00000175274",318.342494763842,1.185083465044,0.13372564299518,8.84806340929206,8.90510527885968e-19,3.20629574641925e-17,"TP53I11"
"ENSG00000175344",79.6154043191622,1.33184938352026,0.227230692086567,5.80835089740938,6.30911802392955e-09,7.59806595383983e-08,"CHRNA7"
"ENSG00000175600",171.476796616949,1.00817252233309,0.167635319857828,6.00152037457097,1.95478407376343e-09,2.53506534603061e-08,"SUGCT"
"ENSG00000175697",27.3442933648825,1.42605847799254,0.28024367824411,4.94054767191359,7.79034424268111e-07,6.69807007139298e-06,"GPR156"
"ENSG00000175718",76.1019048265746,3.57604791460567,0.258187505600597,10.4746589457161,1.12943975098805e-25,6.67465533853951e-24,"RBMXL3"
"ENSG00000175745",185.706481694963,3.07799245410011,0.200058941555373,14.8642697247128,5.62246323329956e-50,1.01610606510443e-47,"NR2F1"
"ENSG00000175879",28.9932804392805,1.44571241467312,0.278529260703109,5.07076151466867,3.96227038152209e-07,3.58382686235702e-06,"HOXD8"
"ENSG00000175894",15.5807338140818,1.31088687786341,0.288315620455436,4.52938942319842,5.91543828201367e-06,4.33211129818999e-05,"TSPEAR"
"ENSG00000176387",87.6232634314938,1.04260579971127,0.233639004172113,4.453548448321,8.44626382891494e-06,5.97768424395061e-05,"HSD11B2"
"ENSG00000176490",1632.8479458212,1.14411841995221,0.0861772178021675,13.2732187468583,3.31049706325081e-40,4.25383686861384e-38,"DIRAS1"
"ENSG00000176533",130.564062633845,1.37436017839271,0.189228486861029,7.22461618066853,5.02519091491999e-13,1.02673703799226e-11,"GNG7"
"ENSG00000176746",43.5502262264751,2.42229251176403,0.270966350586152,8.14079230369967,3.9269954244258e-16,1.11451870140846e-14,"MAGEB6"
"ENSG00000176988",87.9598113408612,1.04891932279741,0.214591472728951,4.86867053957369,1.12351539368582e-06,9.40620655476251e-06,"FMR1NB"
"ENSG00000177138",150.919955241198,2.27229263587376,0.182240484087449,12.2684517450743,1.33787116407671e-34,1.24094195523565e-32,"FAM9B"
"ENSG00000177181",56.7603749477276,1.0425996751684,0.26551056064091,3.93763057757508,8.22901537514242e-05,0.00047675528167216,"RIMKLA"
"ENSG00000177283",211.913772879913,1.29696975469976,0.158078209441409,8.18154937523847,2.80217234931142e-16,8.08387763634515e-15,"FZD8"
"ENSG00000177354",652.816513546304,1.12692652053236,0.106263764084744,10.5970605878237,3.07493265343087e-26,1.89307721951441e-24,"C10orf71"
"ENSG00000177359",72.0750543432202,1.55765615648377,0.242102958293046,6.37564888255767,1.82189899874123e-10,2.74234469386026e-09,NA
"ENSG00000177374",201.759138169776,1.08866711495108,0.160943277380599,6.75533783194944,1.42502817759675e-11,2.43996878428118e-10,"HIC1"
"ENSG00000177409",81.7445766824972,1.1418945623969,0.252945583357827,4.51821059431373,6.23644402243887e-06,4.55172667943089e-05,"SAMD9L"
"ENSG00000177464",42.1676140330313,1.56359314064422,0.259993725981892,5.89751085243342,3.69026005720277e-09,4.60393444556681e-08,"GPR4"
"ENSG00000177614",62.0587528403093,1.36493877106263,0.241888646852759,5.59393166277895,2.21984356747206e-08,2.4452323244997e-07,"PGBD5"
"ENSG00000177679",181.850927754473,2.90849553590994,0.193067214078881,14.5398564511507,6.77345416302288e-48,1.13615567673411e-45,"SRRM3"
"ENSG00000177689",143.861052563112,1.76033325162454,0.176729077596522,9.86938315191024,5.65110522223727e-23,2.78694999093857e-21,"MAGEB10"
"ENSG00000177791",19.4081860738367,1.60797568076691,0.289798773903785,5.25689312491349,1.46509396413413e-07,1.43146885676056e-06,"MYOZ1"
"ENSG00000177839",21.4086968045977,1.18508858313717,0.287113322944912,4.11407853695697,3.88729082056388e-05,0.00024122904400894,"PCDHB9"
"ENSG00000177875",16.0735777665653,1.49200828993254,0.289863490537243,4.87332487059804,1.09735547060215e-06,9.20608608640534e-06,"CCDC184"
"ENSG00000177910",121.939746555151,1.03167156177634,0.194876737976445,5.27996551283122,1.29208204052049e-07,1.27077046703053e-06,"SPATA31C2"
"ENSG00000178038",69.6870757791507,1.93037943814014,0.256380517675081,7.43748799549993,1.02617905458748e-13,2.26341162811846e-12,"ALS2CL"
"ENSG00000178055",19.262832132184,1.57191708496942,0.289166682184621,5.16603143325329,2.39116595412455e-07,2.24468299956223e-06,"PRSS42P"
"ENSG00000178184",263.438413807612,1.00592234368859,0.134805743384586,7.45053585919972,9.2961868134492e-14,2.05853584994734e-12,"PARD6G"
"ENSG00000178217",19.2619110660674,1.68310400171132,0.289873525132868,5.51576749289436,3.47261114014685e-08,3.71987698882576e-07,"SH2D4B"
"ENSG00000178401",193.857732114493,1.25343052313764,0.173696124173069,7.1932397527608,6.3271694101603e-13,1.27968714453004e-11,"DNAJC22"
"ENSG00000178695",267.661524104591,1.23217316722455,0.151361614709247,8.12550483674338,4.45504224331669e-16,1.25927995277283e-14,"KCTD12"
"ENSG00000178795",15.1979700060187,1.31341675322093,0.287236205774825,4.66024324253024,3.15835918001862e-06,2.45550811409053e-05,"GDPD4"
"ENSG00000179083",74.1126724943205,2.23183197003463,0.234572134636157,9.18582634290105,4.08379606664997e-20,1.62493317356533e-18,"FAM133A"
"ENSG00000179111",146.345989430919,2.43816109047222,0.211276162292253,11.3416363199561,8.16041618429748e-30,6.17809670687949e-28,"HES7"
"ENSG00000179242",368.226823180866,2.03236704477075,0.140111298294538,14.4339575088128,3.16393389077633e-47,5.18293076891383e-45,"CDH4"
"ENSG00000179431",277.802975971933,1.14347451346124,0.156571954779003,7.29207209774045,3.052237376116e-13,6.41886436784996e-12,"FJX1"
"ENSG00000179639",19.0520376268603,1.52232404576595,0.28922806480566,5.00612001846464,5.55381357306221e-07,4.90458467240286e-06,"FCER1A"
"ENSG00000179673",16.8473563405626,1.34913764788891,0.289792766121644,4.51559436347126,6.3139422765952e-06,4.6010965414148e-05,"RPRML"
"ENSG00000179930",40.6200621336394,1.19047865281469,0.265867404411233,4.43383039543497,9.25734621971626e-06,6.50895537918404e-05,"ZNF648"
"ENSG00000180044",63.4934008902461,1.76067307906982,0.23656178581613,7.29444496661294,2.99892775573398e-13,6.31623791681355e-12,"C3orf80"
"ENSG00000180113",54.2912440711481,1.86970963850098,0.278408738395666,6.73208577719839,1.67247989004869e-11,2.83936404121478e-10,"TDRD6"
"ENSG00000180318",31.1852832973682,1.55359910157892,0.277206821779481,5.45759880255384,4.82616610538457e-08,5.04277003627151e-07,"ALX1"
"ENSG00000180422",17.9850938608089,1.30557167457888,0.28987956800263,4.392226628885,1.12195657241273e-05,7.7581455212109e-05,"LINC00304"
"ENSG00000180611",27.2788113688851,1.37515259108152,0.285483339029363,4.7404786777125,2.13213890652305e-06,1.70400784734733e-05,"MB21D2"
"ENSG00000180644",419.858240187252,1.03064416731827,0.117294965192161,8.77916788751606,1.64688539311896e-18,5.75936999151665e-17,"PRF1"
"ENSG00000180739",46.9526179450501,1.54036718388562,0.25371329697326,5.96810485775525,2.40025104797809e-09,3.07293566526335e-08,"S1PR5"
"ENSG00000180818",56.3174418677601,1.07247093977993,0.2607615311309,4.10777378090945,3.99491095795163e-05,0.000247250211564607,"HOXC10"
"ENSG00000181031",115.203718265778,1.01825412540884,0.198646926973754,5.11319857683261,3.16749011584122e-07,2.91484011579975e-06,"RPH3AL"
"ENSG00000181171",31.2265793937116,1.67053983220774,0.284405468560649,5.70811162205703,1.14236496584292e-08,1.3174115859692e-07,"FER1L6-AS1"
"ENSG00000181418",291.772857175163,1.07828130402031,0.142496940037147,7.55725822771337,4.1165421830315e-14,9.45960456366516e-13,"DDN"
"ENSG00000181666",178.442451806018,1.12604589245668,0.167066500267142,6.71949762285437,1.8235215916378e-11,3.08457046044433e-10,"ZNF875"
"ENSG00000181786",18.1357457446071,1.57031616489101,0.289541242987437,5.14649643532701,2.65396505126154e-07,2.4725561901034e-06,"ACTL9"
"ENSG00000181804",13.3978535801098,1.03586314193698,0.280473926183716,4.06153542918511,4.87510178571918e-05,0.000297324953672035,"SLC9A9"
"ENSG00000182048",15.8861337846313,1.02247237559411,0.287748070155255,3.60717008792381,0.00030955475334764,0.00157116284667043,"TRPC2"
"ENSG00000182103",60.5154882844957,1.33022906277599,0.239445687439758,5.5013557095198,3.76881976799813e-08,4.01110103879801e-07,"FAM181B"
"ENSG00000182168",38.5442417218459,1.30877075327737,0.278132727129468,4.64978175273917,3.32286462273097e-06,2.56914390869279e-05,"UNC5C"
"ENSG00000182230",89.4286679299085,2.26285830620026,0.218410500798187,10.0849841225392,6.43755909381115e-24,3.3706337445951e-22,NA
"ENSG00000182247",252.002743891879,1.43500047588464,0.161858450075674,8.83816026777478,9.73076225020596e-19,3.47676163460165e-17,"UBE2E2"
"ENSG00000182379",265.928203992031,1.74460333652295,0.145351034762369,11.9447505665125,6.91575192622992e-33,6.07285401120854e-31,"NXPH4"
"ENSG00000182459",667.349405179741,2.04917278313879,0.137225530141034,14.8960279774397,3.49763464370449e-50,6.44577247627962e-48,"TEX19"
"ENSG00000182583",542.888851232784,3.26185869611677,0.138539442682275,23.201087807353,4.43953056577942e-119,4.14533767362043e-116,"VCX"
"ENSG00000182636",265.548685735469,1.07502696430756,0.142172138197757,7.55065961769857,4.33059289895903e-14,9.91893444690437e-13,"NDN"
"ENSG00000182676",81.9528258242571,1.37568117350347,0.21208575923276,6.43675732527528,1.2205283505084e-10,1.8826784226014e-09,"PPP1R27"
"ENSG00000182759",84.0820682698789,1.43675914352463,0.215468489618049,6.60978475555252,3.84879217413175e-11,6.28643535753811e-10,"MAFA"
"ENSG00000182824",52.0899671060384,1.76765718945086,0.248207852994737,6.94793418542849,3.70673843905259e-12,6.85820060467247e-11,"FAM230E"
"ENSG00000182871",3848.83097296218,1.11237464075775,0.0654722983150006,16.9882847972012,1.00278886118725e-64,2.72719626986186e-62,"COL18A1"
"ENSG00000182912",344.259814058679,2.45784726064418,0.164864236703038,14.7817294487975,1.92167669676203e-49,3.38553507105019e-47,"TSPEAR-AS2"
"ENSG00000182963",192.05006808804,1.58157088907868,0.197365897058167,7.98756071582144,1.37634875473208e-15,3.7358799726313e-14,"GJC1"
"ENSG00000182983",150.675686871029,2.3711260508155,0.215413562469206,10.8271724322562,2.55936726733564e-27,1.68689402100249e-25,"ZNF662"
"ENSG00000183034",23.977213526975,1.2481955061516,0.283488505426207,4.32935405169531,1.49547341091389e-05,0.000100700002852211,"OTOP2"
"ENSG00000183114",18.258808927617,1.35582298405126,0.289803418788416,4.55988998977761,5.11804253790816e-06,3.79879723295928e-05,"FAM43B"
"ENSG00000183186",8.85993598665993,1.05578119138951,0.278643969040888,3.68232264619371,0.000231118647508625,0.00120943313170402,"C2CD4C"
"ENSG00000183439",52.3869470285547,1.07767986885336,0.24651976977258,4.34294916676336,1.40582671379992e-05,9.5466710077487e-05,"TRIM61"
"ENSG00000183571",15.5935126421561,1.57211063205719,0.284684680040297,4.78044430019346,1.74908214654271e-06,1.41604881759984e-05,"PGPEP1L"
"ENSG00000183655",83.9074425249448,1.82068594372017,0.234515450829768,7.66959057170886,1.725462282129e-14,4.10651227247218e-13,"KLHL25"
"ENSG00000183734",75.368753003158,2.29604320276384,0.232479987714306,9.50519453776442,1.99674444509841e-21,8.67175277458864e-20,"ASCL2"
"ENSG00000183844",29.7457502514111,1.08699915308314,0.279055843169139,3.86000984969618,0.000113382454737991,0.00063495988047193,"FAM3B"
"ENSG00000183853",249.490686610948,2.15989050455321,0.165552591906098,12.9452173263107,2.50054605033809e-38,2.90644381585355e-36,"KIRREL1"
"ENSG00000183873",65.1306661478897,1.68248071720976,0.24372810917258,6.75950466867882,1.3846429859826e-11,2.37372211281179e-10,"SCN5A"
"ENSG00000183918",74.7950108915778,2.28935180984031,0.249814038611538,8.73081771236772,2.52837899996649e-18,8.6689048405216e-17,"SH2D1A"
"ENSG00000183929",14.0860033313042,1.46258767272931,0.288292497044707,4.71945075713633,2.3648228165355e-06,1.87924586487354e-05,"DUSP5P1"
"ENSG00000183971",118.248701446691,1.20772233599936,0.191433991668817,6.27523518253426,3.49106193071156e-10,5.01238476694476e-09,"NPW"
"ENSG00000184113",24.5588080485388,1.04781655415272,0.283488015636492,3.66814772152016,0.000244314021884455,0.00127443657002372,"CLDN5"
"ENSG00000184160",70.7182233680305,2.11062992468596,0.233893340254547,8.75585430791143,2.02563240278551e-18,6.99654930540414e-17,"ADRA2C"
"ENSG00000184261",49.2398396487028,1.36243489090124,0.259090535564288,5.22897003901512,1.70456983552384e-07,1.64083883961147e-06,"KCNK12"
"ENSG00000184307",188.0798272026,1.34756788844436,0.164091104806693,8.17646626368009,2.92289312103663e-16,8.41848099986747e-15,"ZDHHC23"
"ENSG00000184371",1338.43673927524,1.95885580778577,0.0832978154048897,23.4908832902175,5.0549839236441e-122,5.05715034532567e-119,"CSF1"
"ENSG00000184486",255.909956079662,1.12708195586762,0.149212209856597,7.54085584966397,4.66896997213945e-14,1.06417564572474e-12,"POU3F2"
"ENSG00000184515",100.303757385532,2.22475139838657,0.209307590848661,10.3617501398255,3.70126780588639e-25,2.11160720526455e-23,"BEX5"
"ENSG00000184545",503.903289192347,1.53786155477629,0.129819110242887,11.8326529317827,2.64643116993086e-32,2.25324711039827e-30,"DUSP8"
"ENSG00000184702",11533.1802838593,1.53180712563013,0.0732483151944044,20.9111579216911,4.23821848991427e-97,2.47335367373913e-94,"SEPTIN5"
"ENSG00000184709",12.8511355293504,1.38816533738502,0.286337580849112,4.52009271546656,6.18125546462869e-06,4.51733180472682e-05,"LRRC26"
"ENSG00000184719",50.7059243050894,1.08373821157427,0.261562789467651,4.1389315922225,3.48926963295063e-05,0.000218172814638868,"RNLS"
"ENSG00000184730",1860.533140807,1.14904886320076,0.0750543528629431,15.3060312973437,6.96885342003428e-53,1.3943680143e-50,"APOBR"
"ENSG00000184735",550.593968606528,1.02246580066857,0.102825705880996,9.93697322696799,2.87427953787279e-23,1.45332704720023e-21,"DDX53"
"ENSG00000184860",82.9552103653617,1.70205599674635,0.266658893178246,6.42451514037179,1.322904947307e-10,2.02830943535652e-09,"SDR42E1"
"ENSG00000184897",19181.8529545689,1.62065410981038,0.0614386826493463,26.3772498774872,2.49961890863074e-153,3.50096624342822e-150,"H1-10"
"ENSG00000184979",140.616988600842,1.32062317502781,0.173605205384943,7.57222463005582,3.66886336822638e-14,8.48655662021118e-13,"USP18"
"ENSG00000184986",27.6862363232078,1.21517883989657,0.28719388744614,4.26179969410631,2.02787169258014e-05,0.000133469788187394,"TMEM121"
"ENSG00000185090",335.730631029499,1.17900976790711,0.149146769491052,7.89492725917426,2.90484606553814e-15,7.51343933405856e-14,"MANEAL"
"ENSG00000185133",213.579952104926,1.25966446923603,0.15987932813311,7.85747250431935,3.91962010373471e-15,1.00454161341095e-13,"INPP5J"
"ENSG00000185247",30.174559183266,2.09203615242557,0.283849426539119,6.8865704541692,5.71534611445793e-12,1.0322261467324e-10,"MAGEA11"
"ENSG00000185345",33.6729887249219,1.14024511732355,0.275016903016427,4.16700760757687,3.08624202054946e-05,0.000195238959981101,"PRKN"
"ENSG00000185669",236.675120577846,1.41870255124858,0.145225242105432,9.73714162095658,2.09360414378519e-22,9.9064255533295e-21,"SNAI3"
"ENSG00000185904",448.569769041997,1.57006949761205,0.113668344855826,13.7826862904457,3.23988266377201e-43,4.70236234080733e-41,"LINC00839"
"ENSG00000185924",43.1266469802045,2.51694711724411,0.272615271046472,8.23636237472383,1.77525683960784e-16,5.18005151990571e-15,"RTN4RL1"
"ENSG00000186205",86.3311957694347,2.13669254661533,0.251075100181446,8.48606273247838,2.13756081799793e-17,6.73536036375232e-16,"MTARC1"
"ENSG00000186417",21.2900608361449,1.01722160386463,0.286392588770081,3.51708313924731,0.000436317095390018,0.00213822856474199,"GLDN"
"ENSG00000186462",42.0824203307827,2.25906054794237,0.270106280049582,7.77823032948985,7.35460767888624e-15,1.82801482077162e-13,"NAP1L2"
"ENSG00000186628",31.6505307867896,1.03324968779502,0.281511098724708,3.65817295965942,0.000254019608484731,0.00131941354957802,"FSD2"
"ENSG00000186652",817.220626867206,1.40579804673841,0.117118301313677,11.9934724513982,3.84444144975488e-33,3.44059085912249e-31,"PRG2"
"ENSG00000186777",32.6650424234564,2.01524969369022,0.278552836051081,6.7766345971433,1.23007465233873e-11,2.1178150683044e-10,"ZNF732"
"ENSG00000186854",144.123981418463,1.16404065086125,0.172690752287236,6.71428954028208,1.88984723470985e-11,3.1890602854634e-10,"TRABD2A"
"ENSG00000186862",83.3148915922059,1.13739495268602,0.210727479572145,5.37113504909041,7.82425835519368e-08,7.96124682330858e-07,"PDZD7"
"ENSG00000186868",262.548455090434,1.19758810014396,0.13975675017015,8.55548228001587,1.17376958286974e-17,3.80551314298001e-16,"MAPT"
"ENSG00000186897",283.401725229054,1.87085088656614,0.143776112759753,12.9433004036709,2.56374388306064e-38,2.96758651455762e-36,"C1QL4"
"ENSG00000186907",179.253782734495,1.53351793748256,0.160853733192705,9.49200210537157,2.26638798236747e-21,9.81237405905373e-20,"RTN4RL2"
"ENSG00000186952",49.7692795355217,1.15978968710729,0.253922892255202,4.54214772871355,5.56839963915321e-06,4.10587024722189e-05,"TMEM232"
"ENSG00000187017",450.790670549747,2.18109497826164,0.132332451064561,16.4111846736171,1.59071058908783e-60,3.87469434969811e-58,"ESPN"
"ENSG00000187068",66.9488954748857,1.02670290348574,0.227240331554932,4.49576688322505,6.93196502470745e-06,4.99686578157759e-05,"C3orf70"
"ENSG00000187140",92.9927507791723,1.60073973876705,0.209818856780354,7.54784871383791,4.42506506415679e-14,1.01105157077618e-12,"FOXD3"
"ENSG00000187372",84.2503377211721,2.08599818879214,0.221559652914721,9.18284481055938,4.1985016572911e-20,1.668204658497e-18,"PCDHB13"
"ENSG00000187479",587.704547267707,2.04107116102292,0.109037738683132,18.6607817991457,1.03210113451902e-77,3.85482893068624e-75,"C11orf96"
"ENSG00000187486",360.463656844314,1.49586991125755,0.121109636069107,12.3230391541577,6.80793747421841e-35,6.46454049246801e-33,"KCNJ11"
"ENSG00000187513",113.549266060592,3.75681363412568,0.237545356527543,13.2878134367279,2.72423185976599e-40,3.53292513221134e-38,"GJA4"
"ENSG00000187583",68.2196836456712,1.12886182453793,0.230947410007905,4.86866266500506,1.12356015751233e-06,9.40620655476251e-06,"PLEKHN1"
"ENSG00000187595",82.9721193105189,1.06118465926343,0.214652244323793,4.92526883479347,8.42444508826253e-07,7.21668366398807e-06,"ZNF385C"
"ENSG00000187621",109.733192299532,1.03402372579716,0.187504346600327,5.5026769857647,3.74067398053243e-08,3.98417336664161e-07,"TCL6"
"ENSG00000187634",106.690152021136,1.61010971184054,0.205833072675601,7.76629926401844,8.08124892707927e-15,1.99798715750525e-13,"SAMD11"
"ENSG00000187726",32.9206381275497,1.05898455799758,0.274017211632255,3.85120095628734,0.000117539996887456,0.000656274744431217,"DNAJB13"
"ENSG00000187764",703.89899551978,2.57800123937395,0.123638923849936,20.7605199256057,9.84953058940316e-96,5.40990295824238e-93,"SEMA4D"
"ENSG00000187867",937.543782127124,1.88825011518256,0.110205775878147,17.1104837504252,1.23965642623647e-65,3.50760159714506e-63,"PALM3"
"ENSG00000187902",263.853037438016,2.9478833541794,0.157583797480604,18.2222711699019,3.43593283945128e-74,1.20309188373387e-71,"SHISA7"
"ENSG00000187955",1052.92316863902,2.14870210121149,0.0939435273989848,22.8261598893403,2.52158913975934e-115,2.14044712069511e-112,"COL14A1"
"ENSG00000187984",34.9490341402017,1.33273077850274,0.272148260873415,4.7905813122066,1.6629881357595e-06,1.35378156521055e-05,"ANKRD19P"
"ENSG00000188037",19.5979370418841,1.09058677695226,0.289699612175094,3.79040472971191,0.000150402013075783,0.000819661710170981,"CLCN1"
"ENSG00000188290",1044.3776594017,1.03590139566872,0.0907838717505202,11.4067451686843,3.8693854070557e-30,2.96956778143683e-28,"HES4"
"ENSG00000188483",464.974744596394,1.51879386211127,0.112834529308864,13.4342843233266,3.80731341729539e-41,5.05452433389945e-39,"IER5L"
"ENSG00000188517",203.383878451903,1.11967307881209,0.289566366386757,4.01814287822035,5.86586270425574e-05,0.000351775949628798,"COL25A1"
"ENSG00000188536",15100.0657896911,1.05477881021074,0.083109808444115,12.6911208993289,6.62310631218435e-37,7.08116236705755e-35,"HBA2"
"ENSG00000188818",201.295344219582,1.31955106266628,0.171794456817243,7.65631754558991,1.91340270717176e-14,4.5345377862348e-13,"ZDHHC11"
"ENSG00000188859",72.9525367733917,2.19195840026674,0.247609666045642,8.62608097691724,6.34900749154906e-18,2.09974495694536e-16,"FAM78B"
"ENSG00000189023",357.615116091865,1.40977260778404,0.133835453054922,10.5118166330369,7.62111609301082e-26,4.57136411129377e-24,"MAGEB16"
"ENSG00000189120",595.914986899788,1.46496136835684,0.0986567331128526,14.8285145457765,9.58301482488665e-50,1.69898361566282e-47,"SP6"
"ENSG00000189280",23.1471050991976,1.58429679068782,0.287249919713167,5.31335333865904,1.07626061351399e-07,1.07289011764248e-06,"GJB5"
"ENSG00000189299",31.5910919875329,2.114747009696,0.28123412243538,6.9087320505659,4.89004589562766e-12,8.90058256194424e-11,"FOXR2"
"ENSG00000189337",1493.21683118613,1.0356928815706,0.0800465582955058,12.9356736296306,2.83130508869105e-38,3.26380733104583e-36,"KAZN"
"ENSG00000196092",65.1290437596489,2.51307885515884,0.249492808536954,9.38681125949404,6.18442037848506e-21,2.58950648194505e-19,"PAX5"
"ENSG00000196109",80.0826443769415,1.07646941725872,0.217543833314887,4.92589428086482,8.39753940154548e-07,7.19583584325763e-06,"ZNF676"
"ENSG00000196132",66.0313430817639,2.74018405928764,0.275287865751096,9.71508276124026,2.60037692045354e-22,1.21605606503747e-20,"MYT1"
"ENSG00000196159",17.8122857909161,1.00383392915292,0.283287016035575,3.71900760571694,0.000200007030169135,0.00106009402631936,"FAT4"
"ENSG00000196208",68.1590038830265,1.83097587406139,0.245880342262247,7.37454948325695,1.64901723046246e-13,3.56147036697875e-12,"GREB1"
"ENSG00000196242",35.6036519017304,1.44291589766544,0.271302575120417,5.22122871187578,1.77739862733717e-07,1.7045015525152e-06,"OR2C3"
"ENSG00000196368",39.3499334411263,1.96100536277755,0.273170321221156,6.86117314619274,6.8297321050133e-12,1.22402082997845e-10,"NUDT11"
"ENSG00000196458",139.107213234172,1.19448821900197,0.209404645088481,5.69228768733667,1.25348416914506e-08,1.43609810004464e-07,"ZNF605"
"ENSG00000196557",85.9966557418333,1.56530971275059,0.229971219054086,6.73515843534895,1.63751404208819e-11,2.78506638415145e-10,"CACNA1H"
"ENSG00000196593",372.264827688441,2.24212763680769,0.17117167181676,13.0374019785865,7.49683295983922e-39,8.89835952843289e-37,"ANKRD20A19P"
"ENSG00000196689",37.9148104533859,1.08393463901535,0.263126414869998,4.09259450524721,4.26573300546174e-05,0.000262850226460612,"TRPV1"
"ENSG00000196782",265.337479037073,1.93012528782374,0.144407288885953,13.2800307451525,3.02270033972855e-40,3.90193004223393e-38,"MAML3"
"ENSG00000196890",269.291602851158,1.122744986463,0.140684056801587,7.96759165432911,1.61796455491385e-15,4.34356055911074e-14,"H2BU1"
"ENSG00000196970",26.193285380498,1.27334160860248,0.281530060618002,4.46077479389143,8.16638721225146e-06,5.7957141775928e-05,"NXF4"
"ENSG00000197043",1261.16505058319,1.54688304637355,0.0840571016323588,18.3903624294792,1.56927462936123e-75,5.63570780995729e-73,"ANXA6"
"ENSG00000197124",25.6835071819707,1.25494978592412,0.286426795615227,4.36464735660873,1.27327995180925e-05,8.72696794961602e-05,"ZNF682"
"ENSG00000197444",387.071348821008,1.41556572074317,0.138427702832632,10.2080190306705,1.82553748362026e-24,9.96821754213854e-23,"OGDHL"
"ENSG00000197461",916.538929189836,1.92138361968593,0.0906329058068798,21.1643226847815,2.03667475394586e-99,1.26780740461181e-96,"PDGFA"
"ENSG00000197535",315.239613241659,1.11512393982094,0.15081273469326,7.38642655070251,1.50827404144175e-13,3.27010622669244e-12,"MYO5A"
"ENSG00000197616",24.743452188084,2.00902498325032,0.286264689927925,6.33101880329353,2.43547659531773e-10,3.59255241643182e-09,"MYH6"
"ENSG00000197959",127.622101645652,1.73557956183316,0.201807674768857,8.51869065888366,1.61367217270741e-17,5.16006676962101e-16,"DNM3"
"ENSG00000198033",83.1934869164367,1.76173233987352,0.21768214488731,7.96976143734981,1.58980965149145e-15,4.27797770966173e-14,"TUBA3C"
"ENSG00000198155",137.896788574504,1.57041732634538,0.177861257800741,8.76762715006519,1.82470917061176e-18,6.3495345698356e-17,"ZNF876P"
"ENSG00000198358",107.074415068051,1.1116795875219,0.213042917295731,5.20115178247079,1.9805726815297e-07,1.88450414249355e-06,NA
"ENSG00000198417",16.3440796527912,1.26040605445984,0.289873679276676,4.25319150838931,2.10745196039356e-05,0.000138233526495629,"MT1F"
"ENSG00000198648",337.943035365858,1.38296593230692,0.129994936780315,10.6166939814853,2.49232130554526e-26,1.54116786779104e-24,"STK39"
"ENSG00000198673",906.314610701148,1.01950572748454,0.0950582574428406,10.7207452084488,8.13452669138374e-27,5.20238268673611e-25,"TAFA2"
"ENSG00000198754",61.2110494542362,1.06660980001328,0.237637149894763,4.46162729847534,8.13396039745584e-06,5.77416367596383e-05,"OXCT2"
"ENSG00000198892",70.2533933367841,1.19025321437851,0.228651701901889,5.17255982183583,2.30908537197399e-07,2.17126886336809e-06,"SHISA4"
"ENSG00000198934",49.1045039796821,1.50530933679405,0.256869347191936,5.77135886164243,7.86348069040188e-09,9.32564864943004e-08,"MAGEE1"
"ENSG00000202515",45.3035793403132,1.11048797844092,0.250456709071478,4.39914860994389,1.08676390054248e-05,7.53712066897643e-05,"VTRNA1-3"
"ENSG00000203618",6635.51601069795,1.75749804571613,0.202615025378939,8.67699421640141,4.06365765418071e-18,1.36652074680564e-16,"GP1BB"
"ENSG00000203783",52.0178525322068,1.38609683001338,0.25472378044216,5.37612474183909,7.61060742484139e-08,7.75230309762389e-07,"PRR9"
"ENSG00000204060",48.7302088508342,1.38464085248596,0.251123708869801,5.44117708485541,5.29296663321647e-08,5.49338945274767e-07,"FOXO6"
"ENSG00000204091",309.955282976364,2.88698741079976,0.148727604841612,19.0639910122747,5.02884537813144e-81,2.07158848135614e-78,"TDRG1"
"ENSG00000204291",770.056600820039,1.03392188944784,0.0943240122853363,10.9555737316458,6.24811732074895e-28,4.227590878957e-26,"COL15A1"
"ENSG00000204389",26154.5165584004,1.08288248880922,0.185640974280833,5.83368341329501,5.42169479475e-09,6.60315280828421e-08,"HSPA1A"
"ENSG00000204396",241.363718739614,1.13366382128212,0.147412901495097,7.67792783174819,1.61682527838829e-14,3.86437796059836e-13,"VWA7"
"ENSG00000204422",69.4247433039635,1.49976804376414,0.255853614087561,5.80608578886503,6.39502041960996e-09,7.68499836954587e-08,NA
"ENSG00000204424",42.146235036804,1.99723961084661,0.267703239087327,7.13187462376132,9.90110448889472e-13,1.96284316307798e-11,"LY6G6F"
"ENSG00000204472",380.731898365286,1.21479541348409,0.127361284945318,9.52636220113948,1.62891381711689e-21,7.1631293320374e-20,"AIF1"
"ENSG00000204610",92.948961618049,2.04051731056037,0.215289042092568,9.29714207234621,1.44271377732763e-20,5.89975158109514e-19,"TRIM15"
"ENSG00000204613",90.8573818697024,1.5070932737966,0.220840759374239,6.76205586583845,1.36047220256416e-11,2.33514383199922e-10,"TRIM10"
"ENSG00000204644",14.5997535804403,1.4736895141522,0.286931571466601,4.63459774460829,3.57632222318307e-06,2.74842079878749e-05,"ZFP57"
"ENSG00000204711",98.5014671836756,1.64610176802272,0.210270763449375,7.73605536084281,1.02548822240005e-14,2.51320875641909e-13,"CFAP95"
"ENSG00000204837",117.152513121795,1.12486162389478,0.191355989277431,5.85620184885087,4.73572595339877e-09,5.81829628976344e-08,"FGF7P3"
"ENSG00000204959",30.3125483707006,1.15808006325832,0.286014137065888,4.03480587049307,5.46474601457774e-05,0.000330123927885167,"ARHGEF34P"
"ENSG00000204970",13.862638054082,1.03247821528232,0.289606745773982,3.51903128192368,0.000433125634082749,0.00212519097248659,"PCDHA1"
"ENSG00000205054",26.3879999567682,1.51409106715147,0.288416973188873,5.23609575838114,1.64008884085022e-07,1.587497187626e-06,"LINC01121"
"ENSG00000205097",22.9199101131261,1.92729622382984,0.288173769750859,6.04196269429047,1.52250673633558e-09,2.0088769994457e-08,"FRG2"
"ENSG00000205181",53.2431525873354,1.79219751711897,0.247737541945391,7.10660557920447,1.18931685675215e-12,2.33790482746255e-11,"LINC00654"
"ENSG00000205293",301.536313413946,1.63397143811201,0.145648670895054,11.1803572578914,5.08847287504832e-29,3.69270212890812e-27,"LINC01602"
"ENSG00000205362",21.2991125484923,1.74740003869516,0.289194226007603,5.63419900126235,1.7587384312266e-08,1.96591304611011e-07,"MT1A"
"ENSG00000205413",588.796983092471,1.68279166484755,0.113001223971702,14.8635853403177,5.68020964459152e-50,1.01996174720704e-47,"SAMD9"
"ENSG00000205642",1149.26792592591,3.80702813424336,0.106467434258072,35.3146234108453,3.50267977674649e-273,2.45292664765556e-269,"VCX3B"
"ENSG00000205863",21.4789234580116,1.51537518859322,0.287405016612618,5.17871669849114,2.23417450695401e-07,2.1079048935263e-06,"C1QTNF9B"
"ENSG00000206077",35.4309508131054,1.74581055224616,0.274515611630537,6.16822428237193,6.90611419930639e-10,9.53445396505523e-09,"ZDHHC11B"
"ENSG00000206384",36.6995336122134,1.01970312579805,0.26906008495902,3.7710186099171,0.000162582546475644,0.000880050684420433,"COL6A6"
"ENSG00000206530",144.105350450971,1.38237718455494,0.219399369125207,6.28273521439646,3.32667395428367e-10,4.79602628962399e-09,"CFAP44"
"ENSG00000206561",19.915432594099,1.38098927724604,0.288278318030108,4.69185164133097,2.70743435401643e-06,2.12856163695504e-05,"COLQ"
"ENSG00000211747",20.5722284344376,1.57791022412083,0.289506968584054,5.2247480320103,1.74392419542446e-07,1.67551980498697e-06,"TRBV20-1"
"ENSG00000211751",407.878128015991,1.65812719444258,0.131711433582239,12.5564323442463,3.6648861582939e-36,3.8163862849862e-34,"TRBC1"
"ENSG00000211764",39.1993110783946,1.87515107264465,0.269015973388571,6.70146199760882,2.06344522951896e-11,3.46738019011908e-10,"TRBJ2-1"
"ENSG00000211771",12.5503479325727,1.03709148107388,0.287075011263478,3.59501544778915,0.00032437232920559,0.00163835515429264,"TRBJ2-7"
"ENSG00000211772",577.852598575739,2.46581152058471,0.114928131875937,21.336284958067,5.22879718625561e-101,3.48735873289029e-98,"TRBC2"
"ENSG00000211891",40.6658071960485,1.0008974292439,0.258174143545666,3.85102439888349,0.000117624778236178,0.000656432697295345,"IGHE"
"ENSG00000213057",46.3195359686021,1.5087973853288,0.254715938945821,5.87579091130663,4.208292233245e-09,5.21604787777252e-08,"C1orf220"
"ENSG00000213088",21.1580394673412,1.24612555435712,0.287952864121718,4.27449099524021,1.91574447217139e-05,0.000126745002726653,"ACKR1"
"ENSG00000213126",14.1343708156081,1.03550465041753,0.287836009497253,3.59675825009471,0.000322207679262719,0.00162830263602874,"TXNL4AP1"
"ENSG00000213214",52.3440966875133,1.10545710469139,0.239887178056869,4.57387120723985,4.78794223954075e-06,3.57652901370708e-05,"ARHGEF35"
"ENSG00000213853",529.50052780334,1.43338398507299,0.108269482201385,13.2211475694904,6.62454665560836e-40,8.21092039455316e-38,"EMP2"
"ENSG00000214050",30.4149075132962,1.12125904141489,0.282484853552879,3.90841399156856,9.29040096103643e-05,0.000531324442059111,"FBXO16"
"ENSG00000214107",1719.72904597058,1.05192768156291,0.0681170720187337,15.4395936450399,8.86570645763245e-54,1.7996099224e-51,"MAGEB1"
"ENSG00000214338",20.8897974605567,1.04326187833169,0.287820786623988,3.62451461281832,0.000289504652082569,0.00148147685680251,"SOGA3"
"ENSG00000214595",229.843635986671,1.75186682053059,0.148130979971435,11.7829256209423,4.78044990114112e-32,3.99731231733627e-30,"EML6"
"ENSG00000214796",109.46481966113,1.2827016598048,0.208443831481662,6.12002806858727,9.35588757195432e-10,1.26485097811575e-08,"TUBA5P"
"ENSG00000214814",65.5872920477521,1.79272893991983,0.251545917074722,7.00221316265799,2.51950346378395e-12,4.75902434440431e-11,"FER1L6"
"ENSG00000215386",82.8542544259058,1.77718900054196,0.249029180503614,7.1530297200321,8.48832173037737e-13,1.69725689689828e-11,"MIR99AHG"
"ENSG00000215397",234.585309747844,2.49683649761251,0.162039860340237,15.1813463826752,4.70033703180621e-52,9.08040282310039e-50,"SCRT2"
"ENSG00000215869",20.390379340897,1.20505033017292,0.289051740587585,4.16313371671856,3.13909409249664e-05,0.000198224309555942,NA
"ENSG00000216863",62.7899664540141,1.01652118828269,0.236132578220103,4.27142712220884,1.94226001587923e-05,0.000128256924952402,"LY86-AS1"
"ENSG00000217078",19.0724237267382,1.02020486297263,0.289848149604315,3.50886700159286,0.00045001988083221,0.00219807443798987,NA
"ENSG00000217236",62.8328829731635,1.11906042911819,0.239981566007909,4.63504465438235,3.56860436376883e-06,2.74399520828692e-05,"SP9"
"ENSG00000218027",14.3047375326892,1.07576361071338,0.288273563836106,3.70716305528019,0.000209594003373545,0.00110505311923579,NA
"ENSG00000218073",43.4501510468742,1.13218379351523,0.253699805636877,4.42326543995601,9.72201733243115e-06,6.81514388178332e-05,NA
"ENSG00000218819",15.3279143944242,1.25536170690535,0.289740325036456,4.22295909845598,2.41115589468605e-05,0.000156128753864877,"TDRD15"
"ENSG00000220575",32.2860301310563,1.23298734089045,0.272732306068417,4.46059190043555,8.17336003247313e-06,5.79919354684998e-05,"HTR5A-AS1"
"ENSG00000221887",14.8828499204328,1.26674472806274,0.276920335140427,4.7871706914365,1.69148965732993e-06,1.37458683728245e-05,"HMSD"
"ENSG00000222004",47.6392166957826,1.85110630154828,0.259448358374189,6.92478306984862,4.36644103260488e-12,7.99429713760313e-11,"LINC02860"
"ENSG00000223553",291.614558581844,1.49123505530477,0.176251223365212,8.44331984931399,3.08449587640489e-17,9.6003220544282e-16,"SMPD4P1"
"ENSG00000223572",785.895728109407,2.34299830533956,0.119149438581875,19.6043009949623,1.42091153618731e-85,6.74619897486083e-83,"CKMT1A"
"ENSG00000223573",53.9217303018651,1.17801562720895,0.266783143963728,4.41242416113007,1.02219605403441e-05,7.12991928924602e-05,"TINCR"
"ENSG00000223609",1866.25380862845,2.62780405594072,0.0951127566178827,27.5855755888135,1.65752586651156e-167,4.64306145727217e-164,"HBD"
"ENSG00000223764",65.1023720670642,2.05804650678897,0.244972920603254,8.14618217050755,3.75594170104929e-16,1.07030965340583e-14,"LINC02593"
"ENSG00000223855",120.879347902601,1.14357369862676,0.195493797875833,5.82952057491472,5.55868433208081e-09,6.75530869892615e-08,"PDGFA-DT"
"ENSG00000223865",66.8434741882726,2.2137432682049,0.242438958199436,8.81274127639229,1.22122173416537e-18,4.33572410867432e-17,"HLA-DPB1"
"ENSG00000224089",140.759998810349,1.24950598755852,0.27261328527722,6.04048894775733,1.53647909234428e-09,2.02065034435437e-08,"CT47A10"
"ENSG00000224805",73.1141464401506,1.66958625573643,0.228517164326926,7.1980149877582,6.10954304717899e-13,1.2374585671553e-11,"LINC00853"
"ENSG00000224940",12.2137188336583,1.07728907823175,0.287115710475922,3.68873947741294,0.000225367839736459,0.00118198912688592,"PRRT4"
"ENSG00000224960",17.8604345863999,1.86304175300987,0.289798305919694,5.30034472412918,1.15584232301817e-07,1.1477297111799e-06,"PPP4R3C"
"ENSG00000224982",30.2699998639802,1.07301455103794,0.286749513214531,3.75458716059981,0.000173627419207829,0.000933164095711763,"TMEM233"
"ENSG00000225138",560.631839698995,1.44002334938318,0.104968908547858,13.6996448753353,1.02022047218709e-42,1.41477306271806e-40,"SLC9A3-AS1"
"ENSG00000225460",39.1055237052403,2.06182839804426,0.270906791281054,7.19997626130522,6.02230434782263e-13,1.22067141382929e-11,NA
"ENSG00000225532",41.7456097488448,1.02611130602685,0.262453512176761,3.88522191271013,0.000102236459127301,0.000577756381527678,NA
"ENSG00000225548",33.480439262548,1.3727013921022,0.272437359290742,4.96258507846919,6.95610797334806e-07,6.0233229227025e-06,"LINC01980"
"ENSG00000225606",22.838512445992,2.05406901253542,0.289055625877045,6.05692939374446,1.38744450217017e-09,1.83846241224176e-08,NA
"ENSG00000225813",1885.39347961259,1.11511044670145,0.0719991605403074,15.4844250463674,4.41996327509817e-54,9.10382435750368e-52,NA
"ENSG00000225936",33.644851240173,1.01896061917061,0.273645098763192,3.6960536836054,0.000218976688945849,0.0011510555471479,"SLC18A2-AS1"
"ENSG00000226057",262.750718097992,1.17461372659592,0.138022300803875,8.49676975866485,1.94939565638231e-17,6.17022272616739e-16,"PHF2P2"
"ENSG00000226251",62.2478004503054,1.10404406029755,0.232767719213456,4.71375889280219,2.43188398689596e-06,1.92870708496403e-05,"LINC02608"
"ENSG00000226364",24.431344109653,1.03370068367028,0.281491825870747,3.63584861483755,0.000277067015673571,0.00142329016010418,"LINC02089"
"ENSG00000226372",31.0818086712366,2.54907670464926,0.285007242071304,6.7863578726898,1.14999683769124e-11,1.99465705370941e-10,"DCAF8L1"
"ENSG00000226600",140.759998810349,1.24950598755852,0.27261328527722,6.04048894775733,1.53647909234428e-09,2.02065034435437e-08,"CT47A9"
"ENSG00000226685",148.310569362763,1.17258261191901,0.2780728534047,4.88033963542723,1.05903298963195e-06,8.91663123101001e-06,"CT47A12"
"ENSG00000227685",10.7604029874637,1.03277444200365,0.285390604106759,3.57289004774638,0.000353063032132978,0.0017685982932956,"LINC02088"
"ENSG00000227811",12.5270398737207,1.41175070087031,0.286528596685779,4.56877723331061,4.90577854421512e-06,3.65480501544027e-05,"INKA2-AS1"
"ENSG00000228106",89.4213424511801,1.07656184082285,0.22189273674247,4.83650381900448,1.32142735177127e-06,1.09417153348557e-05,NA
"ENSG00000228235",87.3044558291821,3.24681510743638,0.240169990164298,11.930429221427,8.21488252992826e-33,7.19110279463595e-31,NA
"ENSG00000228252",128.863682674405,1.5274029303236,0.183594463298263,8.2721262382002,1.31590862815379e-16,3.87604968368497e-15,"COL6A4P2"
"ENSG00000228262",132.967481520407,1.62444587256872,0.18469924189058,8.72535855121403,2.65338573296769e-18,9.06422453071842e-17,"LINC01320"
"ENSG00000228420",10.559411739587,1.09908758918235,0.280761875561303,3.85421760201233,0.000116100303295522,0.000649271650212453,"LINC01768"
"ENSG00000228496",15.988186961666,1.32560749157625,0.28987736243154,4.43733718431629,9.10785647912756e-06,6.41028330887742e-05,NA
"ENSG00000228630",16.1365217366713,1.03587659196282,0.283856008872491,3.85954287276939,0.000113599326695626,0.000635793074804768,"HOTAIR"
"ENSG00000228709",68.7590692799913,3.31274763104845,0.257914524977496,10.4316883670795,1.77702282810387e-25,1.03488489523587e-23,"LINC02575"
"ENSG00000229107",31.7930643685189,1.64577552798199,0.276478582419755,5.77059396564954,7.89926020375745e-09,9.36411666642631e-08,"ABHD17AP4"
"ENSG00000229191",85.2414885527379,1.52046694052776,0.233878755925522,6.43841226152511,1.20729715027348e-10,1.86432236898902e-09,NA
"ENSG00000229375",54.5851520393598,1.09968516948271,0.250583445878218,4.35995566166271,1.30088800004822e-05,8.89225833512706e-05,"USP24P1"
"ENSG00000229676",42.579956131484,1.47749004358727,0.262503776175542,5.535350179455,3.10607144667032e-08,3.34900975227595e-07,"ZNF492"
"ENSG00000229688",1052.54315253042,1.01619997087883,0.0979249974575999,10.3738355507585,3.26164428169839e-25,1.87223728727326e-23,"CRPPA-AS1"
"ENSG00000229723",28.5004963113801,1.17323978189606,0.281693240330987,4.11967832511477,3.79401697798414e-05,0.000235858862821331,"LINC01054"
"ENSG00000230061",19.1695579473329,1.18199160264158,0.289857694207116,4.18702931568368,2.8262933247895e-05,0.000179850360322589,"TRPM2-AS"
"ENSG00000230227",141.735340757551,2.32105556284559,0.19434557486082,11.7092343351748,1.14307180617128e-31,9.36249340189175e-30,"SIAH1P1"
"ENSG00000230246",33.6775239278117,1.11296767451337,0.271777347242814,4.05212078237332,5.07554494419991e-05,0.000308554854006188,"SPATA31C1"
"ENSG00000230347",140.759998810349,1.24950598755852,0.27261328527722,6.04048894775733,1.53647909234428e-09,2.02065034435437e-08,"CT47A8"
"ENSG00000230426",783.006651501771,1.50935524434437,0.0892050731497668,16.9011584340842,4.41153874615976e-64,1.18823099382142e-61,"LINC01036"
"ENSG00000230594",140.759998810349,1.24950598755852,0.27261328527722,6.04048894775733,1.53647909234428e-09,2.02065034435437e-08,"CT47A4"
"ENSG00000230699",57.7553149901412,2.11346556282752,0.257319251424988,7.91260020073216,2.5206784130203e-15,6.5762011289393e-14,NA
"ENSG00000230778",73.6405986655299,1.15625389190166,0.218334756547718,5.26316700970078,1.41594844739073e-07,1.38683733945137e-06,"ANKRD63"
"ENSG00000230798",142.664454400957,1.16197073264502,0.171984583264974,6.73268207977981,1.66563746920921e-11,2.82946250985375e-10,"FOXD3-AS1"
"ENSG00000231057",434.625777240495,2.16890108081941,0.120063882484003,17.9739433601074,3.11746599038687e-72,1.0396006824133e-69,"NEK2-DT"
"ENSG00000231389",24.9683465500833,1.54506404380374,0.288383076793913,5.31036130115111,1.0940812110405e-07,1.08987919216453e-06,"HLA-DPA1"
"ENSG00000231453",63.3506680806764,1.00606240023633,0.237034417788882,4.2266637950411,2.37181638971882e-05,0.000153723555550217,"LINC01305"
"ENSG00000231752",98.1042051188226,1.8869525044642,0.233555788202197,7.9981253150175,1.26327769725862e-15,3.43896354281909e-14,"EMBP1"
"ENSG00000232001",207.641903203148,3.67398764282771,0.190250247740545,17.9725756421402,3.19529198761272e-72,1.05301787243538e-69,NA
"ENSG00000232677",481.921992808219,1.06637605023565,0.11432578682893,9.32053179664588,1.15758628012603e-20,4.76157222891195e-19,"LINC00665"
"ENSG00000232783",188.071089067267,3.09518651241052,0.206409085425683,14.4399930888332,2.898711971157e-47,4.77639527859116e-45,"FRG2FP"
"ENSG00000233087",23.3375806231432,1.75282282231088,0.287432811750612,5.74115819754923,9.40311950601788e-09,1.0997919983406e-07,"RAB6D"
"ENSG00000233611",21.9352837000516,1.12879194199516,0.284658660006489,3.91159118553185,9.16900247513996e-05,0.000525561893459424,"GBX2-AS1"
"ENSG00000233791",57.8515206099979,1.42094704746211,0.269170093112147,5.28334073113305,1.2684914666793e-07,1.24940165135796e-06,"BTG2-DT"
"ENSG00000233930",20.1633528106671,1.36984504771281,0.287996196639374,4.71125717240149,2.46193322819099e-06,1.94922763109344e-05,"KRTAP5-AS1"
"ENSG00000234042",159.287004022962,1.07104711613485,0.17256339949385,6.19138104145986,5.96393395875899e-10,8.30326630480899e-09,NA
"ENSG00000234384",26.0105781802258,1.30823910391707,0.288126731890402,4.50103954828361,6.76219212159474e-06,4.88958507253773e-05,"LINC01049"
"ENSG00000234438",30.9216563197301,2.05803338870243,0.283121513015748,6.72163948659103,1.79691101863257e-11,3.04323285694894e-10,"KBTBD13"
"ENSG00000234442",14.2667732003343,1.48400862824648,0.288350966721439,4.78052191870125,1.74840694195888e-06,1.41591139803851e-05,NA
"ENSG00000234965",136.74375746032,1.30583347429863,0.185612765401999,7.00549522093038,2.4611373598689e-12,4.66450471749983e-11,"SHISA8"
"ENSG00000235158",133.357316029372,2.89827589490771,0.201023668491075,13.7612755455624,4.35769900492334e-43,6.19633830080774e-41,NA
"ENSG00000235218",33.69348803468,1.81726887400522,0.274579753351034,6.34409686381876,2.23734031549478e-10,3.32303164992787e-09,"DNAJC17P1"
"ENSG00000235244",1500.58724314657,2.12590229270991,0.0790576633814836,26.8547907285747,7.41511008967618e-159,1.22183566960005e-155,"DANT2"
"ENSG00000235546",12.3723706780925,1.01172531041238,0.284220705127533,3.5739177260571,0.000351679473408683,0.00176292867020831,NA
"ENSG00000235590",48.4890397787792,1.74749973945113,0.26015208628473,6.59420533287648,4.27539653028493e-11,6.9524711633155e-10,"GNAS-AS1"
"ENSG00000235890",58.4802794304278,2.18196544755034,0.248537476485818,8.42425702732156,3.63046534664069e-17,1.1262081427475e-15,"TSPEAR-AS1"
"ENSG00000236126",140.759998810349,1.24950598755852,0.27261328527722,6.04048894775733,1.53647909234428e-09,2.02065034435437e-08,"CT47A3"
"ENSG00000236208",51.6622366393733,1.15503194246931,0.24905763294565,4.60391391616703,4.14623903335654e-06,3.13480290964598e-05,"C10orf71-AS1"
"ENSG00000236279",150.075023040208,1.24750977942473,0.170951113063897,7.27102367538829,3.56773399576627e-13,7.43596463462834e-12,"CLEC2L"
"ENSG00000236320",669.427856195573,1.25857654371521,0.0962359537510964,13.06669097182,5.10377746913198e-39,6.10970147287713e-37,"SLFN14"
"ENSG00000236371",121.361484148737,3.22869170394107,0.223025603701251,13.3765717165087,8.28829714887826e-41,1.09000835556046e-38,"CT47A1"
"ENSG00000236446",19.0078481333347,1.63441910639799,0.289841618541065,5.29601976613865,1.18354032479558e-07,1.17190991792767e-06,"CT47B1"
"ENSG00000237149",20.1225949132453,1.55812748802336,0.289245613428699,5.14295604585973,2.70448914338123e-07,2.5177185072913e-06,"ZNF503-AS2"
"ENSG00000237161",71.1602560246061,1.21961841771633,0.22548595582073,5.37050520001082,7.85163692002904e-08,7.98330502373334e-07,NA
"ENSG00000237194",22.3223127866363,1.5568611204462,0.288479254770129,5.2080064724133,1.90880268552072e-07,1.8205441207629e-06,"SNAI1P1"
"ENSG00000237254",16.8363293911108,1.09191781937379,0.289663532981176,3.71793621269732,0.000200856967686911,0.0010635926992147,"TRBV30"
"ENSG00000237265",46.7522717011873,2.42037538200066,0.272545931269162,8.28268242707341,1.20431268929637e-16,3.55856614478585e-15,NA
"ENSG00000237268",10.7386643414382,1.18231897163777,0.27967923445154,4.23579961923964,2.2773980410975e-05,0.000148118119171635,NA
"ENSG00000237289",754.148779326709,2.3683181316249,0.102817594203439,22.949198398143,1.50088218770378e-116,1.35621651103091e-113,"CKMT1B"
"ENSG00000237457",13.5472130192364,1.35403721324388,0.287570148364124,4.4975974024326,6.87256786620678e-06,4.95915432942258e-05,"BRINP3-DT"
"ENSG00000237686",266.355704601584,1.12426037653785,0.161439896357462,6.95404242225711,3.54964790640286e-12,6.5936828351563e-11,"SCIRT"
"ENSG00000237957",140.759998810349,1.24950598755852,0.27261328527722,6.04048894775733,1.53647909234428e-09,2.02065034435437e-08,"CT47A5"
"ENSG00000238062",23.7475226336503,1.48707627853662,0.287193141771604,5.03367958541081,4.81153640633068e-07,4.28774356785442e-06,"SPATA3-AS1"
"ENSG00000238113",208.316083993781,1.29572018428574,0.170804816814112,7.57548400218245,3.57791200670471e-14,8.29672774269969e-13,"LINC01410"
"ENSG00000238125",112.162343539691,1.98830482006724,0.217145795364205,9.01800268528259,1.9154963402491e-19,7.32017510000788e-18,"SLC9A3P2"
"ENSG00000238129",14.2234279522361,1.40519025516981,0.288643240798655,4.61383209286791,3.95311819709037e-06,2.99769212065229e-05,NA
"ENSG00000238133",33.016801453742,1.07699762686672,0.275912855605038,3.90078630657068,9.58807583879513e-05,0.000546452045567302,"MAP3K20-AS1"
"ENSG00000238160",29.9323537809432,1.97608293188961,0.280891660126023,6.55789930442387,5.45710360058650e-11,8.7589996370162e-10,"LINC02863"
"ENSG00000238269",33.3973269597275,1.309838297401,0.272051378355101,4.74507375701027,2.0843037431599e-06,1.6691113908918e-05,"PAGE2B"
"ENSG00000239887",382.416176079267,1.33571839915126,0.132837167205972,10.0390421088126,1.02666260485468e-23,5.32571720133137e-22,"C1orf226"
"ENSG00000239911",20.5745481191386,1.82241321753544,0.289858433944844,5.73272543725741,9.88295459738138e-09,1.15254506320503e-07,"PRKAG2-AS1"
"ENSG00000240065",355.579848252405,3.04726386127175,0.145322329089519,20.622095593215,1.73862258360623e-94,9.36582611768804e-92,"PSMB9"
"ENSG00000240240",194.601391253838,1.0084303131689,0.160767402492066,6.26189507519226,3.80326823862334e-10,5.42726183903805e-09,NA
"ENSG00000240583",1094.91984554811,1.69413061675898,0.0875603571832328,19.3284193024004,3.09763655446672e-83,1.37731738355114e-80,"AQP1"
"ENSG00000240747",39.3207874077522,1.09379536246169,0.263037947987512,4.12613408355964,3.68912231639994e-05,0.000229745874448633,"KRBOX1"
"ENSG00000241399",41.6054030986815,1.12668645024716,0.261118063070862,4.27966173217082,1.87177579556567e-05,0.00012407047701227,"CD302"
"ENSG00000241697",473.620096803159,1.01752443332559,0.133738789872675,7.60300795972928,2.89325686738967e-14,6.75945882980146e-13,"TMEFF1"
"ENSG00000242362",140.759998810349,1.24950598755852,0.27261328527722,6.04048894775733,1.53647909234428e-09,2.02065034435437e-08,"CT47A2"
"ENSG00000242866",26.5876018001349,1.15522319071272,0.286709670261352,4.04629396200337,5.20348824220149e-05,0.000315634717714483,"STRC"
"ENSG00000244468",22.8256404052088,1.68086771671663,0.289672777613997,5.53042252087997,3.19460376027805e-08,3.44181694357341e-07,NA
"ENSG00000244486",96.3588146093023,1.82128057999153,0.220992673316407,8.14116156932173,3.91503529326824e-16,1.11225120319503e-14,"SCARF2"
"ENSG00000244734",33.4646957423547,1.41488259097197,0.279174384259223,5.00866244943583,5.48096026099144e-07,4.84788944840203e-06,"HBB"
"ENSG00000245750",47.8060697332622,1.20146845998564,0.25861320495413,4.61790772863479,3.87628533088316e-06,2.94500961998099e-05,"DRAIC"
"ENSG00000246363",64.5696814442858,2.37182226137529,0.245350901737837,9.18884784034446,3.97071404986384e-20,1.58443934422772e-18,"LINC02458"
"ENSG00000246898",19.2524406762113,1.43656651341265,0.289365475280062,4.81020553636909,1.5077517368598e-06,1.23530686320318e-05,"LINC00920"
"ENSG00000247765",80.864580672874,1.49976912601312,0.230198180383035,6.45354682210739,1.09262223076826e-10,1.696592789816e-09,NA
"ENSG00000248213",48.37763815015,1.0210686279746,0.253922790823453,3.99725783232559,6.40804926714023e-05,0.000380301432354093,"CICP16"
"ENSG00000248302",553.077262743281,2.50966203972243,0.14682437470928,16.9988808934523,8.37026164056747e-65,2.298703618388e-62,"BNIP3P41"
"ENSG00000248370",42.826327754803,1.69860880913126,0.264149147701109,6.26898442680378,3.6341046991011e-10,5.20975132196623e-09,"LINC02434"
"ENSG00000248431",15.7375120001005,1.1060329212115,0.289867546563247,3.7702394572824,0.000163090987673088,0.000882116271856092,NA
"ENSG00000248564",265.754102716049,1.76189950605285,0.149083689626956,11.7619961943039,6.12683665718397e-32,5.09272844038686e-30,NA
"ENSG00000248713",18.2672576353754,1.61732070963577,0.289576321795274,5.22300098769533,1.76046450806273e-07,1.68941869817928e-06,"C4orf54"
"ENSG00000249001",15.0267865342447,1.25067252519677,0.288726744382654,4.32491895949662,1.52587946919383e-05,0.00010259946157239,NA
"ENSG00000249061",10.3750037564709,1.18738230815799,0.28232087938932,4.11143732626869,3.93203615774729e-05,0.000243843694599994,NA
"ENSG00000249156",36.7030069044948,2.66385938860364,0.282726552928639,7.35535315042685,1.90422998087393e-13,4.09058974112274e-12,"TAF11L12"
"ENSG00000249395",129.382173305539,1.22879110020468,0.180452309452621,6.78067536852094,1.1961538260169e-11,2.06831240582625e-10,"CASC9"
"ENSG00000249406",83.5949425480847,1.99288471672557,0.223342499602116,8.70684453119735,3.12451195697902e-18,1.06089489622904e-16,NA
"ENSG00000249464",50.3824074079824,1.37790771599593,0.249179887872894,5.52174520200623,3.3564898975819e-08,3.60237528778024e-07,"LINC01091"
"ENSG00000249695",29.299993435759,1.0559866282363,0.276555109491829,3.78576738563863,0.000153234966278968,0.0008336410711607,NA
"ENSG00000249790",650.171528404065,1.0269160439568,0.107780330380065,9.522927784459,1.68367357993349e-21,7.38076123960827e-20,"LINC02972"
"ENSG00000249849",46.4050666904603,1.6200963160014,0.253286810214546,6.25961157259095,3.85937533376837e-10,5.50452249742972e-09,NA
"ENSG00000249948",35.241293122491,1.19896764618367,0.28332317162503,4.22445944106402,2.39514980618086e-05,0.000155128176579742,"GBA3"
"ENSG00000250073",42.6110697746882,1.15780107373412,0.256029162026061,4.47546793908036,7.62441399528926e-06,5.44556565109747e-05,"ESAM-AS1"
"ENSG00000250155",23.5503432733762,1.03246353111818,0.286759797149708,3.56730766240145,0.000360667929469722,0.00180314653583899,NA
"ENSG00000250295",113.787648754564,1.51253289086834,0.193586965277174,7.77116469780198,7.77677021767753e-15,1.92781316227949e-13,"RDH10-AS1"
"ENSG00000250312",894.347540980626,1.33120602563601,0.0933616295513301,14.2483846069315,4.58770984708434e-46,7.17938146572774e-44,"ZNF718"
"ENSG00000250361",1340.52373258691,1.0169076835608,0.0890489579160846,11.416780273084,3.4477129683945e-30,2.66053266310376e-28,"GYPB"
"ENSG00000250447",13.042528386827,1.51524241930155,0.286891082724491,4.65584976959408,3.22647144103853e-06,2.50359883674159e-05,"LINC02105"
"ENSG00000250486",17.893317153185,1.06940991338318,0.289281415954314,3.65604574449725,0.000256135667791989,0.00132917234645965,"FAM218A"
"ENSG00000250510",111.080980998813,1.33541189567994,0.20177611690373,6.59215357906873,4.33491813753761e-11,7.04158907576985e-10,"GPR162"
"ENSG00000250519",34.3541635224939,2.33909226581626,0.281114155174589,7.35289373927125,1.9396113139686e-13,4.163401695547e-12,NA
"ENSG00000250682",99.451094354721,1.13376831428793,0.205630218995621,5.49234206792677,3.96638199328827e-08,4.21016644168211e-07,"LINC00491"
"ENSG00000250806",23.4685439382524,1.02070072633913,0.284412612958818,3.55608993992217,0.0003764152608176,0.0018761822572994,NA
"ENSG00000251165",174.264586711443,1.46466707223141,0.177019550024145,8.26286094740103,1.42221881635968e-16,4.18039805706897e-15,"F11-AS1"
"ENSG00000251188",18.1371626089693,1.09153033634962,0.289452534370659,3.72345369226602,0.000196515919186024,0.00104277399663552,NA
"ENSG00000251258",416.845318980779,1.56396511201929,0.113327473959616,13.7678409011221,3.97928788419517e-43,5.68713327612627e-41,"RFPL4B"
"ENSG00000251301",73.9844997083919,2.35457927664684,0.244919813290236,9.23335510899763,2.62284803458541e-20,1.05713984381016e-18,"LINC02384"
"ENSG00000251493",165.311710983598,1.83437612705384,0.170338856126865,10.67328521529,1.35740546150094e-26,8.525480221427e-25,"FOXD1"
"ENSG00000251676",47.4553072228096,1.00566676039077,0.257108827997837,3.89182490205484,9.9493040242087e-05,0.000564398348169571,"SNHG27"
"ENSG00000253305",68.8147413935968,1.50520380847483,0.224586200435555,6.61891952066439,3.61833762213561e-11,5.93771959409858e-10,"PCDHGB6"
"ENSG00000253368",195.177171404538,1.31211534601231,0.155655543190523,8.40277532421455,4.36048467906101e-17,1.34521912808213e-15,"TRNP1"
"ENSG00000253485",85.6937926740965,1.36777750636402,0.215547053409621,6.29773477937835,3.02026700021367e-10,4.38588487350884e-09,"PCDHGA5"
"ENSG00000253537",34.6377185031567,1.48027961604596,0.276062092171497,5.2648448395374,1.40307805591932e-07,1.37519322961554e-06,"PCDHGA7"
"ENSG00000253706",130.006559025206,1.0259891847739,0.181540366750814,5.63870288339549,1.71335870228413e-08,1.91978415873532e-07,NA
"ENSG00000253731",198.750232527211,2.35309100806661,0.175216224002071,13.2434377920547,4.92421747091532e-40,6.24150134820271e-38,"PCDHGA6"
"ENSG00000253767",59.5302380340938,1.27562041507715,0.237659319911764,5.31931326715648,1.04159655963614e-07,1.0412991730381e-06,"PCDHGA8"
"ENSG00000253846",31.6725202057571,1.02177545445313,0.270821531333639,3.7424675169363,0.000182222093793813,0.000973616910440764,"PCDHGA10"
"ENSG00000253898",95.8366080657853,2.14129831774508,0.214264811980718,9.76115412262263,1.65263648113361e-22,7.87307025672016e-21,"LINC01419"
"ENSG00000253910",138.924587853716,1.74774728701864,0.184021797211831,9.41011299592132,4.95603826712759e-21,2.09394485578851e-19,"PCDHGB2"
"ENSG00000253931",19.4724812667831,1.28300908996076,0.289181968865421,4.35088927672242,1.35586510504956e-05,9.23425560968839e-05,"LINC02990"
"ENSG00000253953",50.0485327960035,2.10306841678493,0.268968670596963,7.49895747354051,6.43273915877572e-14,1.43809967530427e-12,"PCDHGB4"
"ENSG00000254126",41.8501376151637,2.56596774727788,0.284009947239492,8.23158667372444,1.8474977238737e-16,5.37963682340439e-15,"CD8B2"
"ENSG00000254221",54.1020643957313,1.33929502174046,0.251009022939728,5.28194059342285,1.27822649851381e-07,1.25766352920158e-06,"PCDHGB1"
"ENSG00000254415",16.8721065640214,1.07526631284794,0.289715992295132,3.66858159237836,0.000243899858177144,0.00127251309876293,"SIGLEC14"
"ENSG00000254445",19.5709019441578,1.28597831381644,0.289163967189463,4.36103940349744,1.29446050208753e-05,8.85696814471808e-05,"HSPB2-C11orf52"
"ENSG00000254615",104.207052183961,1.29457915066647,0.196056323819532,6.56136028970151,5.33191174311657e-11,8.56899092072182e-10,NA
"ENSG00000254916",29.6620591131389,2.13857122895639,0.282708075946711,6.8449743402099,7.64895805009717e-12,1.36072220392643e-10,NA
"ENSG00000254966",8.83460211697544,1.00735264784529,0.279512515604426,3.5392316073835,0.00040129360424837,0.00198429592978029,"IGSF22-AS1"
"ENSG00000254979",358.428344435168,1.06651771645223,0.255937886550145,4.17059771023253,3.03801758274841e-05,0.000192449001646197,NA
"ENSG00000255363",21.043465232707,1.276365416155,0.289651889540722,4.34289028765023,1.40620367589862e-05,9.54691647340577e-05,"LINC02757"
"ENSG00000255408",17.6226687034631,1.02749053433397,0.28966995931743,3.5202866758828,0.000431080600021464,0.00211663974895728,"PCDHA3"
"ENSG00000255552",19.775358537575,1.38998542705676,0.289460933552283,4.70464472524477,2.54308413769188e-06,2.00893606500353e-05,"LY6G6E"
"ENSG00000255571",71.6632395201332,2.77293337061676,0.250573222142767,10.3546425053292,3.9867311585705e-25,2.26523961894273e-23,"MIR9-3HG"
"ENSG00000255583",50.4249438224132,2.2985077624609,0.260817884363113,8.36967027502614,5.77796803641152e-17,1.75926565908651e-15,NA
"ENSG00000256008",37.1173619947843,1.37814899360351,0.264645111796398,5.12707546694459,2.94277579178952e-07,2.72423768939878e-06,"CABP1-DT"
"ENSG00000257093",380.289605193285,1.56562931874764,0.120114961574105,13.0011714211869,1.20483486072401e-38,1.41212695056908e-36,"DENND11"
"ENSG00000258128",101.802573444488,1.3101309307317,0.201384354593489,6.46700475177265,9.99645073694388e-11,1.56261483283076e-09,"MKRN9P"
"ENSG00000258137",12.8228295367136,1.14603709919171,0.287956370494203,3.90797941873319,9.30712323771817e-05,0.000532172149693736,NA
"ENSG00000258223",20.9876568444079,1.71762279072068,0.289471212884066,5.54985067488046,2.85913701945732e-08,3.10066380909943e-07,"PRSS58"
"ENSG00000258240",74.6041620336077,2.73053544906072,0.245261519937766,10.3555105802395,3.95072979055161e-25,2.24934640026284e-23,NA
"ENSG00000258376",19.5828929353753,1.30518488717655,0.289865287557813,4.42667557982324,9.56964920118298e-06,6.7150554464814e-05,"PAPLN-AS1"
"ENSG00000258461",27.1852691810419,1.34086049498128,0.280953173388864,4.6759320865468,2.92621443256976e-06,2.28708478474175e-05,NA
"ENSG00000258590",75.8246917995786,2.69449532831903,0.241410736992229,10.490614975445,9.5405384263795e-26,5.69828491257447e-24,"NBEAP1"
"ENSG00000258815",37.8542363790574,1.57731206748745,0.268170462133423,5.74789105892593,9.03634268608415e-09,1.06043582456049e-07,"LINC02820"
"ENSG00000258927",70.8603955869836,1.11702779234066,0.224891559653108,4.93949199359508,7.8326359459812e-07,6.72823667951013e-06,NA
"ENSG00000258947",1016.81655294003,1.08162190630317,0.0875270940676828,12.3529112688053,4.69800268084445e-35,4.52235227133384e-33,"TUBB3"
"ENSG00000258952",45.6082935600693,1.27472447473504,0.258317688272584,4.88315673020059,1.04400821882153e-06,8.79806204140455e-06,"SALRNA1"
"ENSG00000259129",30.5001131991946,1.11264724724181,0.281916218726218,3.95284222720589,7.72283607478378e-05,0.000450129180455354,"LINC00648"
"ENSG00000259207",338.916705302563,1.6266658445058,0.136144572941813,11.9097875161211,1.05245111170009e-32,9.15567097544808e-31,"ITGB3"
"ENSG00000259241",36.2385574818347,1.11529051512589,0.270706402819381,4.08594470984074,4.38978319110085e-05,0.000269663611291923,NA
"ENSG00000259583",31.8797845504964,1.34385702863058,0.278540307847135,4.76622307162637,1.87711428978655e-06,1.51357874166669e-05,"ALDH1A3-AS1"
"ENSG00000259803",187.604223409135,2.03361733111338,0.164218773728057,12.2558696037893,1.56264013441681e-34,1.44464275396975e-32,"SLC22A31"
"ENSG00000259823",67.0791335525205,1.93014915836703,0.23866888964607,7.89156038026661,2.9843138071671e-15,7.69766099137797e-14,"LYPD8"
"ENSG00000260062",103.007130860805,1.34976817318387,0.211184827373933,6.37118034593086,1.87578908846429e-10,2.81438692801616e-09,"GOLGA2P11"
"ENSG00000260409",49.9917156897814,1.21971001714396,0.250868272776304,4.8172572311547,1.45545007169624e-06,1.19771055841231e-05,NA
"ENSG00000260896",38.4742989163104,1.48376846751339,0.277837670705469,5.28871623705649,1.23177810144971e-07,1.2162343383084e-06,"ARLNC1"
"ENSG00000261121",42.0341031037233,1.50709617035319,0.260729885006298,5.67312762855363,1.40213686421353e-08,1.59079213610164e-07,"LINC02473"
"ENSG00000261150",3047.09552417712,1.24292918402135,0.0743074610447032,16.7241248021832,8.74514012709331e-63,2.20692671387512e-60,"EPPK1"
"ENSG00000261514",23.1294023566389,1.60453066072851,0.288226227864726,5.35546140446406,8.53383623212946e-08,8.61751335740485e-07,"LINC01976"
"ENSG00000261678",54.8096138849194,1.86577940051684,0.24950423590173,7.27832572398674,3.37988486408439e-13,7.05494298157467e-12,"SCRT1"
"ENSG00000261801",71.5630743103377,1.70266074507986,0.225577885701774,7.43084989322345,1.07902107224447e-13,2.37063045299702e-12,"LOXL1-AS1"
"ENSG00000261807",61.033336466938,1.71486957147227,0.239317965884368,7.02785063090469,2.09739245704512e-12,4.02365984115418e-11,"LINC02141"
"ENSG00000261866",57.9681453881509,1.41642382354393,0.252756797271058,5.54724289821256,2.90209447058114e-08,3.14481509902974e-07,NA
"ENSG00000261934",35.4387622505881,1.57527613249567,0.269590372120075,5.69832728355572,1.20988619644089e-08,1.38955851310793e-07,"PCDHGA9"
"ENSG00000261949",153.475492702063,2.15988371919534,0.183815992598529,11.5781775052079,5.31642915018224e-31,4.23079015212798e-29,"GFY"
"ENSG00000262209",97.5353225696199,2.44869817090672,0.22375901286488,10.617031100826,2.48333934483284e-26,1.53901110016499e-24,"PCDHGB3"
"ENSG00000262576",100.549303935992,1.3980178934817,0.210649385230412,6.59868257777345,4.14827397421314e-11,6.76376312954939e-10,"PCDHGA4"
"ENSG00000265217",50.1389372878503,1.23939254755546,0.260172765444891,4.72543682381772,2.29621215896318e-06,1.82934750155746e-05,NA
"ENSG00000265590",84.4115199099915,1.20660192613998,0.249448092714909,4.81415162158877,1.47826542216734e-06,1.21243365718508e-05,"CFAP298-TCP10L"
"ENSG00000265717",19.5334782630315,1.31295051386082,0.288466339193841,4.44988260713883,8.59172395459055e-06,6.06836539122518e-05,NA
"ENSG00000265728",130.537998813527,1.59298054923256,0.196597495577669,8.04488701250861,8.63250315992398e-16,2.38710442759912e-14,NA
"ENSG00000265763",21.4084136733955,1.02522647633148,0.285922033854392,3.54850695671993,0.000387421764205867,0.00192214992188005,"ZNF488"
"ENSG00000265799",39.9518582404116,1.2533388203917,0.265178483701468,4.68901459596336,2.74523809157449e-06,2.15646689347125e-05,NA
"ENSG00000266196",9.52906047073485,1.01106393106921,0.273806191333849,3.66905673705662,0.000243447051009976,0.00127086075156382,NA
"ENSG00000267002",5354.95901730728,1.10727978914499,0.069620424447609,15.9032175470052,6.01922026793508e-57,1.35976127536611e-54,NA
"ENSG00000267053",55.8177660817745,1.16630556828165,0.241817282201073,4.79134148530858,1.65669880249488e-06,1.34905368765949e-05,NA
"ENSG00000267260",71.2771627327464,1.28319928077369,0.220543533242906,5.77712684176148,7.59870023426639e-09,9.0461024633349e-08,NA
"ENSG00000267279",76.412103048969,1.77340499631285,0.222729132844776,7.82557416433649,5.05345171045812e-15,1.27990315834858e-13,NA
"ENSG00000267296",19.8594478093689,1.35438903329605,0.289629070185688,4.57364453552904,4.79312758361376e-06,3.57944787715779e-05,"CEBPA-DT"
"ENSG00000267424",13.4203192735408,1.06733406502001,0.288978616051346,3.64767538095574,0.000264623676873232,0.00136663687989915,NA
"ENSG00000267506",15.8250549861152,1.40157379363973,0.281789174418592,5.11040494037765,3.21469030955644e-07,2.95148819899361e-06,NA
"ENSG00000267508",71.2372422915074,1.62329699250254,0.232269119194008,6.93341786550762,4.10792461285093e-12,7.5456514265692e-11,"ZNF285"
"ENSG00000267631",18.467236869803,1.95291339861472,0.289674374255532,5.11293807309215,3.17186304233154e-07,2.91599040176538e-06,"CGB1"
"ENSG00000267978",1425.58920901581,1.95295105688093,0.0854206903245295,22.838223581937,1.913477784505e-115,1.67501061561107e-112,"MAGEA9B"
"ENSG00000268009",86.0879305495554,2.46043092044704,0.22974681716391,10.2714975756294,9.4722675352571e-25,5.26462615471472e-23,"SSX4"
"ENSG00000268234",15.4955803146744,1.36474999572641,0.288995063733447,4.57046291321458,4.86648042193939e-06,3.63035551476341e-05,"FKBP4P6"
"ENSG00000268518",10.3502356060354,1.35660634218138,0.279929938156869,4.34063763443942,1.42069846867742e-05,9.62665832234929e-05,NA
"ENSG00000268738",16.1265313005234,1.61293560337731,0.289376143517912,5.07987465751741,3.77683976541217e-07,3.42273812710209e-06,"HSFX2"
"ENSG00000268849",22.9984066970677,1.13590342099685,0.285588392667363,3.93596102409241,8.2864421940462e-05,0.000479784660478756,"SIGLEC22P"
"ENSG00000268869",33.4314814842759,1.203914841191,0.273684477687627,4.35594489590824,1.32494107967932e-05,9.03462744011126e-05,"ESPNP"
"ENSG00000269313",183.489099751801,1.02941562354343,0.171222563570907,6.00254524978769,1.94248101460751e-09,2.52027689584e-08,"MAGIX"
"ENSG00000269437",217.649395913036,1.96581336694142,0.199348323315761,9.79843029439599,1.14348765746109e-22,5.47544893347012e-21,"NXF2B"
"ENSG00000269600",648.741813777556,1.15097406512133,0.096672593766493,11.8967165025111,1.23095775521939e-32,1.06754144393825e-30,NA
"ENSG00000269761",23.2121911012977,1.75369602031415,0.28901362732077,5.71629146240756,1.08873934403262e-08,1.26075926023322e-07,NA
"ENSG00000269791",86.0879305495554,2.46043092044704,0.22974681716391,10.2714975756294,9.4722675352571e-25,5.26462615471472e-23,"SSX4B"
"ENSG00000271383",738.488488187587,1.50803770427838,0.0959712699648105,15.6958477519717,1.61471022791928e-55,3.45276816064693e-53,"NBPF19"
"ENSG00000271848",9.86522348525205,1.15549197460657,0.28199253569815,3.90614172702163,9.37815202425347e-05,0.000535754955225866,"SYNPO2L-AS1"
"ENSG00000271959",291.749211263783,1.25207030210968,0.143779792193699,8.69149647709043,3.57696234711945e-18,1.20575053270169e-16,NA
"ENSG00000272078",112.659264750693,2.32167452443823,0.223617893193198,10.1375530338807,3.76410106689697e-24,2.00838093496986e-22,NA
"ENSG00000272438",13.7908935260791,1.12028183448606,0.289453404657534,3.80337019423784,0.000142740803004047,0.00078217045652374,NA
"ENSG00000272512",79.222342177535,1.27594210140218,0.215033188126049,5.89173868577522,3.82153163131601e-09,4.7513867756957e-08,NA
"ENSG00000272674",37.4926406798499,1.17557053997409,0.263209620245283,4.41686596416486,1.00142284394897e-05,6.993731414784e-05,"PCDHB16"
"ENSG00000273342",62.7516053986289,1.20811818587262,0.22900907982394,5.23487287849884,1.65098452276219e-07,1.59749148364817e-06,NA
"ENSG00000273388",58.5755420492222,1.23388049526355,0.241331842955638,5.06995293550959,3.97914089072825e-07,3.59676329884091e-06,NA
"ENSG00000273824",14.3580753652638,1.13726882439852,0.288267574361645,3.89752769273602,9.7179712559641e-05,0.000553067474242313,NA
"ENSG00000274893",13.6869741236777,1.36205566155839,0.288041152714621,4.51256195136761,6.40492177605655e-06,4.65891116050107e-05,NA
"ENSG00000275395",118.50898978389,1.6367442561941,0.195739970090993,8.28565002171088,1.17465736525957e-16,3.47460423607719e-15,"FCGBP"
"ENSG00000275450",28.6034349262646,1.10777674818126,0.282737515114463,3.88973841212614,0.000100352336725961,0.000568467069032887,"PTGER4P2-CDK2AP2P2"
"ENSG00000275832",234.021127913567,1.82733731299267,0.155801877150511,11.684331443712,1.53280887072108e-31,1.24455194454026e-29,"ARHGAP23"
"ENSG00000276070",17.0998021652064,1.95695870109559,0.288826419177814,5.85661472655731,4.72397291417505e-09,5.8064032150887e-08,"CCL4L2"
"ENSG00000276085",35.9871940798656,2.13367667869988,0.280791197668736,7.05243765904247,1.75810189038086e-12,3.38939780821394e-11,"CCL3L1"
"ENSG00000276289",27.4771590968389,1.68917634596994,0.284329957978338,5.70387239455849,1.17115766004247e-08,1.34784175731757e-07,NA
"ENSG00000276476",37.2567252764235,1.94319370564475,0.272377333440996,6.79415651420045,1.08948057390009e-11,1.89709756541859e-10,"LINC00540"
"ENSG00000276547",78.9871233783219,2.04530865779474,0.23667423626113,8.47115039141621,2.42981282468557e-17,7.6134135173481e-16,"PCDHGB5"
"ENSG00000276581",17.4579690869394,1.71372506957536,0.289431633941251,5.24196185495142,1.5887821980669e-07,1.54049729775874e-06,"SPATA31A5"
"ENSG00000277363",111.482289094363,2.25884998629116,0.224159544624785,9.92686475782107,3.18100332778006e-23,1.60551829221216e-21,"SRCIN1"
"ENSG00000277701",76.8329449410427,1.84911932329715,0.228802623836815,7.94971073014289,1.86947523183182e-15,4.99215826444927e-14,NA
"ENSG00000277726",19.8501198283869,1.05127538461892,0.289324050947797,3.65483187871432,0.000257350563652281,0.00133498222019031,NA
"ENSG00000277734",35.1086003815604,2.03847489055877,0.281557403355831,6.82711649458162,8.66383414551818e-12,1.53021010141397e-10,"TRAC"
"ENSG00000278041",270.804535535942,1.40988075673896,0.143249301774278,9.81558068633782,9.64808898872805e-23,4.65167416096816e-21,NA
"ENSG00000278318",196.681189931076,1.78430299144571,0.184104730238907,9.64447606315399,5.18754186980167e-22,2.37052892099322e-20,"ZNF229"
"ENSG00000278709",14.9849963574491,1.11270764826657,0.287179497762108,3.88447283541145,0.000102552157384979,0.000579405210300126,"NKILA"
"ENSG00000278766",60.7147011293635,1.03641806479718,0.255431951481642,4.03800337048324,5.39080787823493e-05,0.000326149698239993,NA
"ENSG00000278996",1009.48192859753,2.77920669597162,0.128509109555192,21.5401246397009,6.55302799899644e-103,4.5890855076972e-100,NA
"ENSG00000279267",868.099497553406,1.33626987592727,0.0953884472666229,13.9984062272112,1.59405506981697e-44,2.36257516485254e-42,NA
"ENSG00000279377",283.435354129067,1.29033005517973,0.132072169821554,9.74835039888634,1.87490005705408e-22,8.88658213167495e-21,NA
"ENSG00000279602",62.0719662211857,1.20069950185392,0.243606022829242,4.89697874840776,9.73213586318005e-07,8.25610508175044e-06,NA
"ENSG00000279621",7.25519629354905,1.07141170743081,0.264204327548672,4.46348235130358,8.06382432065863e-06,5.7287305825587e-05,NA
"ENSG00000279872",106.372575974781,1.0558610734101,0.192796466912697,5.45759078889355,4.82638385950447e-08,5.04277003627151e-07,NA
"ENSG00000280096",106.372575974781,1.0558610734101,0.192796466912697,5.45759078889355,4.82638385950447e-08,5.04277003627151e-07,NA
"ENSG00000280237",29.0442036086028,2.27059661604447,0.285408120604858,6.83689417960414,8.09284740185957e-12,1.43388261493289e-10,NA
"ENSG00000280266",49.7738866448808,2.93091769814732,0.269397749624556,8.97152482783784,2.92437521885858e-19,1.09956508229083e-17,NA
"ENSG00000280283",18.550290843844,1.46739038778034,0.289386705511392,4.87844763229773,1.06924043727447e-06,8.98636757543725e-06,NA
"ENSG00000280441",1009.48192859753,2.77920669597162,0.128509109555192,21.5401246397009,6.55302799899644e-103,4.5890855076972e-100,NA
"ENSG00000280639",20.3564249780793,1.04274759895077,0.286524885901666,3.59748398633025,0.000321310271220043,0.00162406050476648,"LINC02204"
"ENSG00000281852",685.713558158371,1.37607854279167,0.104939583782662,13.1001188622865,3.28742423200087e-39,3.98646439769734e-37,"LINC00891"
"ENSG00000281958",16.7643163003624,1.20034519014362,0.289850141495499,4.07615263875224,4.57869692952893e-05,0.000280468966520805,"TRBJ1-4"
"ENSG00000282265",10.0815515083831,1.20079446739166,0.279703562251171,4.0271194023041,5.64643623784849e-05,0.000339999939584291,NA
"ENSG00000282907",95.2308343494397,1.11672613719558,0.209491917617377,5.30994626126878,1.09657563354703e-07,1.09197570732028e-06,NA
"ENSG00000282993",106.372575974781,1.0558610734101,0.192796466912697,5.45759078889355,4.82638385950447e-08,5.04277003627151e-07,NA
"ENSG00000283047",62.653375033035,1.99457793509582,0.2431139037162,7.96826357468435,1.6091936891679e-15,4.32598211333697e-14,"FRG1FP"
"ENSG00000283408",7.45208526668639,1.01149506921942,0.269668784822709,3.53363326960374,0.000409889385106062,0.00202435744920658,"MIR548A1HG"
"ENSG00000283599",72.5501701640232,2.83694442595115,0.250201518252172,10.3662163604677,3.53235332352396e-25,2.01935267956231e-23,NA
"ENSG00000283683",496.365822211267,2.16787659533852,0.116464999157234,18.5305896517663,1.1699782211927e-76,4.25628960156493e-74,"MYOCOS"
"ENSG00000283697",19.1104117283041,1.34848852545444,0.289819960561535,4.54746507618735,5.42959266028264e-06,4.00879677384916e-05,"HSFX3"
"ENSG00000283740",158.89329967028,3.63008432086594,0.208670202983663,15.8171101001438,2.37129849399225e-56,5.18943854794617e-54,"TAF11L11"
"ENSG00000284234",255.609917589149,3.87785486157258,0.178844559381048,20.1648888533579,1.99193897587003e-90,9.6203783779433e-88,"TAF11L5"
"ENSG00000284356",255.609917589149,3.87785486157258,0.178844559381048,20.1648888533579,1.99193897587003e-90,9.6203783779433e-88,"TAF11L10"
"ENSG00000284672",25.7462011772602,1.59857331595667,0.288243852118631,5.37657847642452,7.59146191045148e-08,7.73561407914031e-07,NA
"ENSG00000284734",41.9930070737693,1.02274268006899,0.256821108770683,3.95422723839861,7.67824092691374e-05,0.000447623069395853,NA
"ENSG00000284800",33.6065608631114,1.5904948537664,0.285245600204031,5.46646714493009,4.59093471424234e-08,4.82737474532119e-07,NA
"ENSG00000284874",10893.9781852287,1.55837313772781,0.0574831818911033,27.1081083840813,7.90135703553787e-162,1.58094866628205e-158,NA
"ENSG00000285245",8.91901873550403,1.26550771460355,0.273680404139574,4.81685377979931,1.45839477518554e-06,1.1994290793452e-05,NA
"ENSG00000285314",19.5767325150837,1.11883260291108,0.28918587762389,3.87337383682358,0.000107338984450586,0.000603869484666378,NA
"ENSG00000285722",20.6874728893426,1.5280637582059,0.288774214896624,5.09612073701768,3.46684069099617e-07,3.16432523415395e-06,NA
"ENSG00000285777",24.2609652379683,1.10754247420914,0.28506847778161,3.84478364031648,0.000120658849591694,0.000671947454227144,NA
"ENSG00000285876",9.16730217585292,1.13601804155872,0.274731919013455,3.81345243189213,0.000137038911377645,0.000754023568161578,NA
"ENSG00000285898",189.873780411427,1.05431607832177,0.16451515111351,6.39598824593322,1.5951227461221e-10,2.41136418588086e-09,NA
"ENSG00000285969",8.13960131781341,1.08505468532,0.26921254324195,3.92199700362143,8.78180845688201e-05,0.000505852392544065,NA
